drinkscharityUK,JascotsWine,52
drinkscharityUK,bexlownwine,44
deBeauxOs1,ErikaShaker,12
drinkscharityUK,DrinksEnthusist,10
JCBua,laurenashburn,8
aiww,LondonArtCritic,5
aiww,EileanTwitt,5
JulieBoenec,HurtigrutenFR,5
drinkscharityUK,jessie2206,5
drinkscharityUK,katemcfruin,5
JCBua,ABC7Devon,5
GreekAnalyst,Schuldensuehner,5
MagnusHHaslebo,helenehagel,4
JulieBoenec,CoolScandinavia,4
drinkscharityUK,WillNallWine,4
JCBua,talkmedianews,4
JCBua,keiranpedley,4
colinmclean,george_cooper__,4
colinmclean,CFA_Chicago,4
googleresearch,mhennessy5,0
googleresearch,Noiz_Fyah,0
googleresearch,AsiajLucas,0
googleresearch,VarHolding,0
googleresearch,alkaGV,0
googleresearch,GDefandir,0
googleresearch,YounGRushz,0
googleresearch,Jodatsu,0
googleresearch,apoorvsahu,0
googleresearch,bonefair,0
googleresearch,tigerstash,0
googleresearch,Gregori86127258,0
googleresearch,black__ppl,0
googleresearch,MatamalaTV323,0
googleresearch,DesirTilou,0
googleresearch,TNTJSLTJUNIVER3,0
googleresearch,G_lachaux,0
googleresearch,mine_associate,0
googleresearch,CelJD,0
googleresearch,WebdesignModern,0
googleresearch,YuanasMatik,0
googleresearch,ShayanTawabi,0
googleresearch,rousseauwhat,0
googleresearch,MCaldwell504,0
googleresearch,parisar,0
googleresearch,The_luck_Candy,0
googleresearch,streetz_the,0
googleresearch,ORSILV_SNIPER,0
googleresearch,1candycotton,0
googleresearch,Terris_World,0
googleresearch,zinouzi86036836,0
googleresearch,Moltomay_,0
googleresearch,s99nj,0
googleresearch,devAditya22,0
googleresearch,mbilalmughal786,0
googleresearch,jaegbaegs,0
googleresearch,ljachym,0
googleresearch,YPv1DKS9Qo58i8x,0
googleresearch,rinoreynolds,0
googleresearch,jbnunn,0
googleresearch,thisisbhaven,0
googleresearch,ztirom,0
googleresearch,mr_aliO,0
googleresearch,arslaaann28,0
googleresearch,SMoonNY,0
googleresearch,ValentKolpakoff,0
googleresearch,IHamdii,0
googleresearch,badhon1911,0
googleresearch,thekimcuster,0
googleresearch,Quake_Warning,0
googleresearch,GimhanAilurophi,0
googleresearch,Balaapn,0
googleresearch,h15hw,0
googleresearch,renderloop,0
googleresearch,L1ON_YOUKNOW,0
googleresearch,mohandhany3442,0
googleresearch,Ella_of_Magcon,0
googleresearch,mustafa_usmanov,0
googleresearch,ChekhabaChaima,0
googleresearch,federic85714751,0
googleresearch,Mmartysiewicz,0
googleresearch,DanielJakobian,0
googleresearch,SAURAVMALLICK12,0
googleresearch,karankamal,0
googleresearch,Tatkalkhana,0
googleresearch,porelsoumen89,0
googleresearch,fillipefla886,0
googleresearch,chhotu143,0
googleresearch,david_kirson,0
googleresearch,vidal44089440,0
googleresearch,robertjfyfe,0
googleresearch,Jim_Zenn,0
googleresearch,kaaconsult,0
googleresearch,s_healthyliving,0
googleresearch,LilicalderonMe,0
googleresearch,VishalVishCSE,0
googleresearch,kowsikkiko,0
googleresearch,lkubfyblkubfyb,0
googleresearch,Dsb2103Griffin,0
googleresearch,moudeymit,0
googleresearch,Lucaspgjl,0
googleresearch,wcd72JGuaL5Xz6a,0
googleresearch,hahahhahahhhah,0
googleresearch,kevmurray09,0
googleresearch,HasanHusoyin,0
googleresearch,desperatebetty,0
googleresearch,thatsme_dg,0
googleresearch,DongaKalpesh,0
googleresearch,mahmood8540,0
googleresearch,chris_gallet,0
googleresearch,shahzad_pti478,0
googleresearch,kerimfreip,0
googleresearch,idesign_kz,0
googleresearch,khaled2000016,0
googleresearch,DavidNicolae67,0
googleresearch,sagikedmi,0
googleresearch,DoninALA,0
googleresearch,banderaontheweb,0
googleresearch,mohdkh71,0
googleresearch,nicolasoxleyga1,0
keithellison,greyhorsemusic,0
keithellison,12hasanmohammed,0
keithellison,noupsell,0
keithellison,DanMilligan2,0
keithellison,MyTraceElements,0
keithellison,marna_anderson,0
keithellison,erineddy,0
keithellison,LindaJa15015310,0
keithellison,justinkcomer,0
keithellison,Kankagroup,0
keithellison,greg_mezey,0
keithellison,Arkpaint_424,0
keithellison,MadiMarieOrtega,0
keithellison,negebe,0
keithellison,andrechour,0
keithellison,nite_political,0
keithellison,nite_chronicles,0
keithellison,american_story_,0
keithellison,DavidCosgrove1,0
keithellison,MatthewPasquini,0
keithellison,The_Hudaceks,0
keithellison,DavidXaviers,0
keithellison,police_citizens,0
keithellison,AzMisadventures,0
keithellison,AhamdyD,0
keithellison,MuseumRusArt,0
keithellison,Life_Coaching_1,0
keithellison,new_texas_,0
keithellison,Flying_Carpet_,0
keithellison,a_serious_joke,0
keithellison,bstowapp,0
keithellison,TrueIslamUSA,0
keithellison,starrunes,0
keithellison,GIVE__ME__MONEY,0
keithellison,WestminsterSSG,0
keithellison,pdesmonddesmond,0
keithellison,commonsharing,0
keithellison,kayodeolumide11,0
keithellison,Atoma_Negera,0
keithellison,EventstodayDon,0
keithellison,KBlack46,0
keithellison,Camtheman72,0
keithellison,Johnmulkins,0
keithellison,21st_centurydad,0
keithellison,political_ppl,0
keithellison,OGBlueMage,0
keithellison,NisreenMoghrab1,0
keithellison,krautsider,0
keithellison,Rizzreed,0
keithellison,1bmurray2,0
keithellison,elizardo64,0
keithellison,612wmywoes,0
keithellison,FTG_Up_North,0
keithellison,EditionApts,0
keithellison,PjbFlyn,0
keithellison,PatriciaIzekUMN,0
keithellison,FarishRealty,0
keithellison,DC_HANDY_GUY,0
keithellison,transitionsdmc,0
keithellison,triunfodebaco,0
keithellison,Dhanson2016,0
keithellison,twist_princes,0
keithellison,Thelonious08,0
keithellison,AwardStaffing,0
keithellison,SchaboTim,0
keithellison,yoloswagger489,0
keithellison,chaffe1,0
keithellison,yesitsme111,0
keithellison,stayassmart,0
keithellison,AhmadelKhatib10,0
keithellison,MingoHowl,0
keithellison,AlexDonald181,0
keithellison,sandersfangirl,0
keithellison,marewolfe,0
keithellison,Haroon_I_Malik,0
keithellison,jackthepug1304,0
keithellison,aworkingpoor,0
keithellison,JennyLynne1234,0
keithellison,Thatsmyrecolect,0
keithellison,emkelly,0
keithellison,OzoveheShaibu,0
keithellison,SteveJurevicius,0
keithellison,Ghillie_Clan,0
keithellison,divemate,0
keithellison,SDS_Sunlight,0
keithellison,LiliaChacon,0
keithellison,ShopSpectrum,0
keithellison,m_w_information,0
keithellison,HMudane,0
keithellison,belaldeen,0
keithellison,FredLewandowski,0
keithellison,BernieBuddy16,0
keithellison,erdemereneng,0
keithellison,mnbar,0
keithellison,nadaytu,0
keithellison,DavidDeMaggio,0
keithellison,PersecutionOn,0
keithellison,karen_kmlange,0
keithellison,Farid_Senzai,0
keithellison,janellecj8,0
deBeauxOs1,WBEngMG,0
deBeauxOs1,BrentMcCluskey,0
deBeauxOs1,help4the_poor,0
deBeauxOs1,TowheadDoom,0
deBeauxOs1,RalphScenic,0
deBeauxOs1,Lars9596,0
deBeauxOs1,MarvaSoogrim,0
deBeauxOs1,klwatts,0
deBeauxOs1,SurviveUK,0
deBeauxOs1,always_vote,0
deBeauxOs1,tecnourk,0
deBeauxOs1,socksod,0
deBeauxOs1,COSMEDICLIST,0
deBeauxOs1,Gnowit,0
deBeauxOs1,MGliksmanMDPhD,0
deBeauxOs1,DavidPatersonca,0
deBeauxOs1,PinUpCampaigns,0
deBeauxOs1,politicolucy,0
deBeauxOs1,WoensdagNL,0
deBeauxOs1,_KMachin,0
deBeauxOs1,MotherStatue,0
deBeauxOs1,SANDRAYYCNW,0
deBeauxOs1,JouvinFlorentin,0
deBeauxOs1,ePeakTopTweet,0
deBeauxOs1,zc1249,0
deBeauxOs1,_Ig__i___c__ll,0
deBeauxOs1,GutterVancouver,0
deBeauxOs1,EstherBenbassa,0
deBeauxOs1,MichaelBucher,0
deBeauxOs1,RewardConsent,0
deBeauxOs1,amyelizrose,0
deBeauxOs1,M_AslamBughio,0
deBeauxOs1,BillMullen3,0
deBeauxOs1,pierrelapuck,0
deBeauxOs1,corporatepigs29,0
deBeauxOs1,NDITF,0
deBeauxOs1,eligerzon,0
deBeauxOs1,treasuryart1,0
deBeauxOs1,daddyinlondon,0
deBeauxOs1,CloisterFuck,0
deBeauxOs1,WritingJobsNews,0
deBeauxOs1,_politics_daily,0
deBeauxOs1,Fit_DaiIy,0
deBeauxOs1,PadrickBentley,0
deBeauxOs1,peacebang,0
deBeauxOs1,Maui_Speaks,0
deBeauxOs1,HOUtxScrewHead,0
deBeauxOs1,ABelaney,0
deBeauxOs1,sordepatrick,0
deBeauxOs1,kairoscanada,0
deBeauxOs1,Mariodion1956,0
deBeauxOs1,CanadasMilHist,0
deBeauxOs1,saveourwaterca,0
deBeauxOs1,LadyCalverley,0
deBeauxOs1,Mikalpr,0
deBeauxOs1,haanysin,0
deBeauxOs1,Hits93Toronto,0
deBeauxOs1,ibtradeshow,0
deBeauxOs1,ChristopheElie,0
deBeauxOs1,orad345,0
deBeauxOs1,dj_friend,0
deBeauxOs1,ShadracMould,0
deBeauxOs1,LjUmluEwQDs9ZZB,0
deBeauxOs1,comedyandbanter,0
deBeauxOs1,gbgorr,0
deBeauxOs1,happydale2,0
deBeauxOs1,farrahbc1,0
deBeauxOs1,diana_dx,0
deBeauxOs1,glittahcat,0
deBeauxOs1,atkinsonmorley,0
deBeauxOs1,wrc_ed,0
deBeauxOs1,vbspurs,0
deBeauxOs1,OhFuddleDuddle,0
deBeauxOs1,Queen8Bees,0
deBeauxOs1,TheAnderMind,0
deBeauxOs1,BouletAnne,0
deBeauxOs1,michaelchatman,0
deBeauxOs1,CoolEvry,0
deBeauxOs1,Nedinska,0
deBeauxOs1,RichardEaton7,0
deBeauxOs1,mattfharris,0
deBeauxOs1,renia96415183,0
deBeauxOs1,lkoch99,0
deBeauxOs1,destiny221961,0
deBeauxOs1,DullingHarmony,0
deBeauxOs1,DontDrugUse,0
deBeauxOs1,JaneLytv,0
deBeauxOs1,AirFarceCBC,0
deBeauxOs1,RTPInstitute,0
deBeauxOs1,starmediaguy,0
deBeauxOs1,randallyoung77,0
deBeauxOs1,DMStarrS,0
deBeauxOs1,cbraga1955,0
deBeauxOs1,bvegaspodcast,0
deBeauxOs1,oterribletruth,0
deBeauxOs1,veracityreport,0
deBeauxOs1,ObtusePollman,0
deBeauxOs1,DerekCressman,0
deBeauxOs1,kramtreboryevad,0
ImamSuhaibWebb,bintisl797t,0
ImamSuhaibWebb,noor_dahshan,0
ImamSuhaibWebb,olamidewhykay,0
ImamSuhaibWebb,greyhorsemusic,0
ImamSuhaibWebb,WaelWali7,0
ImamSuhaibWebb,og_hamooz,0
ImamSuhaibWebb,ibrahim87597627,0
ImamSuhaibWebb,KhizarBelim,0
ImamSuhaibWebb,LanceGM22,0
ImamSuhaibWebb,vyac4eslavovna,0
ImamSuhaibWebb,humble_relle,0
ImamSuhaibWebb,CookieFost3r,0
ImamSuhaibWebb,Hamnaali88,0
ImamSuhaibWebb,wahiba_z,0
ImamSuhaibWebb,Mahmudbds,0
ImamSuhaibWebb,shanizeeshan337,0
ImamSuhaibWebb,SiddiquiAhmed68,0
ImamSuhaibWebb,aimanazman23,0
ImamSuhaibWebb,truiisms,0
ImamSuhaibWebb,zamda_abdullahi,0
ImamSuhaibWebb,Oman8571,0
ImamSuhaibWebb,e2xelrefai,0
ImamSuhaibWebb,_Jun91,0
ImamSuhaibWebb,1107_minna,0
ImamSuhaibWebb,IBNEYMASUD,0
ImamSuhaibWebb,JoJoPinoy1,0
ImamSuhaibWebb,keep_it_symple,0
ImamSuhaibWebb,806561d699c74d5,0
ImamSuhaibWebb,salmasadiq15,0
ImamSuhaibWebb,nathirhussein,0
ImamSuhaibWebb,Valeenjules,0
ImamSuhaibWebb,karuniadewi80,0
ImamSuhaibWebb,SVRml,0
ImamSuhaibWebb,Hiraaonline,0
ImamSuhaibWebb,TuaVoluntas,0
ImamSuhaibWebb,Maleek313,0
ImamSuhaibWebb,AlexanderCurzon,0
ImamSuhaibWebb,Complicadofrs,0
ImamSuhaibWebb,shmsh0ma,0
ImamSuhaibWebb,Nafgonja,0
ImamSuhaibWebb,Svislo4SuperMen,0
ImamSuhaibWebb,FarahdyaDya,0
ImamSuhaibWebb,LoaiRidah,0
ImamSuhaibWebb,drmgsahin,0
ImamSuhaibWebb,safaaliban,0
ImamSuhaibWebb,AbdullahAsara,0
ImamSuhaibWebb,JibrilFarah,0
ImamSuhaibWebb,adorntheskies,0
ImamSuhaibWebb,DouffiAsma,0
ImamSuhaibWebb,silo5sin,0
ImamSuhaibWebb,tarlsem,0
ImamSuhaibWebb,ekin686,0
ImamSuhaibWebb,johnramseyiii,0
ImamSuhaibWebb,Suzanida5736Sue,0
ImamSuhaibWebb,adamuy1122,0
ImamSuhaibWebb,sabbymusakutty,0
ImamSuhaibWebb,kareemadeniji,0
ImamSuhaibWebb,sbdgroupboys3,0
ImamSuhaibWebb,Mostafa98206202,0
ImamSuhaibWebb,syedwahidali,0
ImamSuhaibWebb,kysekysebaby,0
ImamSuhaibWebb,Mayyrosse,0
ImamSuhaibWebb,maroi5,0
ImamSuhaibWebb,_x1927_,0
ImamSuhaibWebb,AidamouBaye,0
ImamSuhaibWebb,EnjangMilanthy,0
ImamSuhaibWebb,JnrFuah,0
ImamSuhaibWebb,rojanne_smith04,0
ImamSuhaibWebb,CaglarGorenadam,0
ImamSuhaibWebb,DcoMediacell,0
ImamSuhaibWebb,charles56865601,0
ImamSuhaibWebb,dwee_3ka,0
ImamSuhaibWebb,shiham306,0
ImamSuhaibWebb,eiyyrah97,0
ImamSuhaibWebb,mehjabeene,0
ImamSuhaibWebb,sumonroym,0
ImamSuhaibWebb,ShakeelAasif,0
ImamSuhaibWebb,Ariiq_NFD,0
ImamSuhaibWebb,ismailhersi23,0
ImamSuhaibWebb,hysherif,0
ImamSuhaibWebb,Jamely_Tran,0
ImamSuhaibWebb,asdfghj80694539,0
ImamSuhaibWebb,NaziaSikander,0
ImamSuhaibWebb,lorengorre_23,0
ImamSuhaibWebb,EngrFats,0
ImamSuhaibWebb,ridwansafwan181,0
ImamSuhaibWebb,mohammedhamza35,0
ImamSuhaibWebb,safada96,0
ImamSuhaibWebb,oloyedey1,0
ImamSuhaibWebb,manaa_mariam,0
ImamSuhaibWebb,sherifih,0
ImamSuhaibWebb,luismor55122864,0
ImamSuhaibWebb,KgHostelFriends,0
ImamSuhaibWebb,confeccaoedijs,0
ImamSuhaibWebb,ayeshazaheer4,0
ImamSuhaibWebb,xixilovesme,0
ImamSuhaibWebb,AlheaLovejadine,0
ImamSuhaibWebb,meersalimani,0
ImamSuhaibWebb,Babielhyne,0
ImamSuhaibWebb,KidFrankie75,0
FIware,BrianVad,0
FIware,ifstat,0
FIware,ecoautomation,0
FIware,_Hanhaa,0
FIware,RussellExolta,0
FIware,sandimschuh,0
FIware,gtsolis,0
FIware,francoFerrares5,0
FIware,Retravel_,0
FIware,Ioannis_71,0
FIware,LMarionH,0
FIware,e_auer,0
FIware,Wuxia,0
FIware,robertosantosx2,0
FIware,PaulojCaridade,0
FIware,MarioGnt,0
FIware,FaustCattaneo,0
FIware,apoli_laura,0
FIware,jayeashleigh,0
FIware,mariaxinhaa,0
FIware,Loubboysama,0
FIware,itzzzzi,0
FIware,saramaro,0
FIware,OumDjibril1,0
FIware,TimMevel,0
FIware,vampira_3,0
FIware,Calvete29,0
FIware,Fra7russo,0
FIware,antonolir,0
FIware,MaFutureSante,0
FIware,iWWA_UK,0
FIware,BadBoyR8,0
FIware,HisDarkMaterial,0
FIware,MarioBasanta,0
FIware,stephanevialle,0
FIware,gabig58,0
FIware,elratiodemicasa,0
FIware,cyberandy,0
FIware,bmcHATCH,0
FIware,mjcantarino,0
FIware,daxamoreno,0
FIware,AntoGleizes,0
FIware,SolarBreeder,0
FIware,JuanpaGzz,0
FIware,Pa_Maguette,0
FIware,HRconsultin,0
FIware,Charlie57Chrcll,0
FIware,TeresaJane60,0
FIware,__escorpiana,0
FIware,_andreamai,0
FIware,italiandesinnov,0
FIware,RBarranquero,0
FIware,eskubi,0
FIware,JamballaCom,0
FIware,GetConnected_it,0
FIware,an_arocha,0
FIware,joselucea,0
FIware,iamstartacus,0
FIware,dadafi2015,0
FIware,DeadStockGrimeT,0
FIware,JuliendOandB,0
FIware,ChristianK_Col,0
FIware,t3m_7,0
FIware,MartuskaZuk,0
FIware,vaudourv,0
FIware,katrinak2hair,0
FIware,EmilianoNesti,0
FIware,swfoggia,0
FIware,pizarrobs,0
FIware,In_Ventures,0
FIware,SigridCervera,0
FIware,AgrilandCilento,0
FIware,virtualkris,0
FIware,cuenca_ro,0
FIware,StephenRichard_,0
FIware,vickygarcia_,0
FIware,Sylvestersen,0
FIware,570easi,0
FIware,FaustoJGomez,0
FIware,danlewis428,0
FIware,javiprendo,0
FIware,Jorgecc40C,0
FIware,oscardlfm,0
FIware,patpatone,0
FIware,logicmonkey0,0
FIware,TechAndBiz,0
FIware,yolaperdono,0
FIware,IrvingTerron,0
FIware,pablopbf,0
FIware,rjbradley,0
FIware,ravaga5,0
FIware,nimbaye,0
FIware,Xandros88,0
FIware,MiluRamalho,0
FIware,ikusi_global,0
FIware,AurelienClaudez,0
FIware,ScottodiVettaG,0
FIware,yeyeyerman,0
FIware,lourdesob98,0
FIware,charlie9111,0
craigmatsumoto,Luxexcel,0
craigmatsumoto,Sam___Hurley,0
craigmatsumoto,UniiCod,0
craigmatsumoto,imvision_tech,0
craigmatsumoto,carbon60net,0
craigmatsumoto,SunTecGroup,0
craigmatsumoto,flashdumper,0
craigmatsumoto,Thin3,0
craigmatsumoto,robertreive,0
craigmatsumoto,Srijan1st,0
craigmatsumoto,WindstreamNews,0
craigmatsumoto,Scobleizer,0
craigmatsumoto,giftedmike,0
craigmatsumoto,PaulCoggin,0
craigmatsumoto,JeffCarrell_v6,0
craigmatsumoto,Christi0114,0
craigmatsumoto,q3technologies,0
craigmatsumoto,greghmeredith,0
craigmatsumoto,zigorgaubeca,0
craigmatsumoto,jacobsjakesj,0
craigmatsumoto,waneric74,0
craigmatsumoto,waqasdaar,0
craigmatsumoto,nfware,0
craigmatsumoto,fabio_verdi,0
craigmatsumoto,karim_sabbagh01,0
craigmatsumoto,MIDO0_HANY,0
craigmatsumoto,similink2015,0
craigmatsumoto,roadtotibet,0
craigmatsumoto,CEOLaser,0
craigmatsumoto,weaveworks,0
craigmatsumoto,KateOBvm,0
craigmatsumoto,VISIONTradeFair,0
craigmatsumoto,mantexy,0
craigmatsumoto,myfernandez,0
craigmatsumoto,danjoebarry,0
craigmatsumoto,pgovindraj,0
craigmatsumoto,alexeck,0
craigmatsumoto,nimrodb,0
craigmatsumoto,elisabetherapy,0
craigmatsumoto,mathewlodge,0
craigmatsumoto,worldtelecoms,0
craigmatsumoto,CMachnow,0
craigmatsumoto,RockleyPhotonic,0
craigmatsumoto,Tusharmoditmk,0
craigmatsumoto,ngiampa3,0
craigmatsumoto,marc_147369,0
craigmatsumoto,atmaram88,0
craigmatsumoto,SandeshTwits,0
craigmatsumoto,AffirmedNetwork,0
craigmatsumoto,LuminateMobile,0
craigmatsumoto,frank_cui_,0
craigmatsumoto,Hiroky0515,0
craigmatsumoto,IsolineComms,0
craigmatsumoto,InfradataUK,0
craigmatsumoto,canggih_suryadi,0
craigmatsumoto,nilshairalien,0
craigmatsumoto,RedHatNews,0
craigmatsumoto,jetnexus,0
craigmatsumoto,stutz24s,0
craigmatsumoto,H2020_VITAL,0
craigmatsumoto,hakancicekci,0
craigmatsumoto,glagolista,0
craigmatsumoto,tgprice5,0
craigmatsumoto,nige_stephenson,0
craigmatsumoto,writerunroar,0
craigmatsumoto,Hritvikpaliwal,0
craigmatsumoto,schwegler_k,0
craigmatsumoto,yeheyahasn,0
craigmatsumoto,DerrickCreech,0
craigmatsumoto,ShefaliChinni,0
craigmatsumoto,CleanDataCentre,0
craigmatsumoto,TheStreamTone,0
craigmatsumoto,ciscoDC,0
craigmatsumoto,ketansanil,0
craigmatsumoto,sachinagarwal,0
craigmatsumoto,Scott_Wakelin,0
craigmatsumoto,univoippbx,0
craigmatsumoto,g_m_b,0
craigmatsumoto,MarcLeClerc,0
craigmatsumoto,him1151,0
craigmatsumoto,Kirankumarmalp1,0
craigmatsumoto,AnujSha77102865,0
craigmatsumoto,viveknitt,0
craigmatsumoto,sarahcuda,0
craigmatsumoto,JackLSimpson,0
craigmatsumoto,janaelpinheiro,0
craigmatsumoto,ctinkess,0
craigmatsumoto,masood3442,0
craigmatsumoto,garnaat,0
craigmatsumoto,home4buyandsell,0
craigmatsumoto,DuBSiGa,0
craigmatsumoto,rutraedardna,0
craigmatsumoto,riyazhassim,0
craigmatsumoto,tweet_sandip,0
craigmatsumoto,vignitin,0
craigmatsumoto,apj12,0
craigmatsumoto,CumulusKevin,0
craigmatsumoto,EnGeniusTec,0
craigmatsumoto,SophieEganKNect,0
craigmatsumoto,EEAnkur,0
OpenFlowNetwork,tkshnt,0
OpenFlowNetwork,contrastsec,0
OpenFlowNetwork,ginopanci,0
OpenFlowNetwork,salmaninsf,0
OpenFlowNetwork,jesusleung,0
OpenFlowNetwork,teleconinfo,0
OpenFlowNetwork,C1ph3rdTech,0
OpenFlowNetwork,Antowaine,0
OpenFlowNetwork,chiprodgers,0
OpenFlowNetwork,dbokotey,0
OpenFlowNetwork,CalnexSolutions,0
OpenFlowNetwork,RSKeshwani,0
OpenFlowNetwork,sdnlab_news,0
OpenFlowNetwork,bishishtb,0
OpenFlowNetwork,ctrefftz,0
OpenFlowNetwork,MarkPrior4,0
OpenFlowNetwork,rodrigoapadua,0
OpenFlowNetwork,yaros0914,0
OpenFlowNetwork,tzr3z2,0
OpenFlowNetwork,PhAnatoli1,0
OpenFlowNetwork,surmabhargav,0
OpenFlowNetwork,Iluzun,0
OpenFlowNetwork,HipChat,0
OpenFlowNetwork,MitchWagner,0
OpenFlowNetwork,bmnn_fr,0
OpenFlowNetwork,narainarun,0
OpenFlowNetwork,nishitatanwar,0
OpenFlowNetwork,valeraavonana9,0
OpenFlowNetwork,ds0ul,0
OpenFlowNetwork,TaraSReeve,0
OpenFlowNetwork,EditorSusanMcD,0
OpenFlowNetwork,lukasz_lukowski,0
OpenFlowNetwork,avilloria74,0
OpenFlowNetwork,GameLightStudio,0
OpenFlowNetwork,randyfitton,0
OpenFlowNetwork,prince_of_pasta,0
OpenFlowNetwork,nickmsegers,0
OpenFlowNetwork,kinuta143,0
OpenFlowNetwork,LucaFormica,0
OpenFlowNetwork,therealvassic,0
OpenFlowNetwork,Lynden_lab,0
OpenFlowNetwork,RayenZsanett,0
OpenFlowNetwork,senhce,0
OpenFlowNetwork,antdaw64,0
OpenFlowNetwork,SKG_NET,0
OpenFlowNetwork,nagarwal09,0
OpenFlowNetwork,jonjones2,0
OpenFlowNetwork,SajidIbrahim2,0
OpenFlowNetwork,Broadcom,0
OpenFlowNetwork,H00manp,0
OpenFlowNetwork,CwbSandro,0
OpenFlowNetwork,ebiken,0
OpenFlowNetwork,extremecoolboy,0
OpenFlowNetwork,manishdavr,0
OpenFlowNetwork,AyushDusia,0
OpenFlowNetwork,dtarun,0
OpenFlowNetwork,BrighterIdeas,0
OpenFlowNetwork,jack6liu,0
OpenFlowNetwork,talywalsh,0
OpenFlowNetwork,Futuredon,0
OpenFlowNetwork,remi_paquette,0
OpenFlowNetwork,adriananglin,0
OpenFlowNetwork,franklincflint,0
OpenFlowNetwork,GetCloudCert,0
OpenFlowNetwork,ChieYamaguchi27,0
OpenFlowNetwork,Craig4Who,0
OpenFlowNetwork,gregsmit68,0
OpenFlowNetwork,Red40Us,0
OpenFlowNetwork,SAUGO360,0
OpenFlowNetwork,DellSeller,0
OpenFlowNetwork,Olmosv6,0
OpenFlowNetwork,villatech_inc,0
OpenFlowNetwork,ktarek2011,0
OpenFlowNetwork,Monte241,0
OpenFlowNetwork,saprasath2010,0
OpenFlowNetwork,garibaldi_md,0
OpenFlowNetwork,CloudSmartz,0
OpenFlowNetwork,001bordam,0
OpenFlowNetwork,sinotelecom,0
OpenFlowNetwork,al_ggab,0
OpenFlowNetwork,jamus707,0
OpenFlowNetwork,ImfaisalI,0
OpenFlowNetwork,tkHWANG,0
OpenFlowNetwork,Brain4Net_Inc,0
OpenFlowNetwork,RANJAN_KY,0
OpenFlowNetwork,RishabKaw5,0
OpenFlowNetwork,ALU_Cloud,0
OpenFlowNetwork,fmsfarias,0
OpenFlowNetwork,Ram_gude,0
OpenFlowNetwork,Bob_EPR,0
OpenFlowNetwork,Tlimby1,0
OpenFlowNetwork,twitbascrm,0
OpenFlowNetwork,NetworksYak,0
OpenFlowNetwork,alexandre_grec,0
OpenFlowNetwork,heniwa,0
OpenFlowNetwork,C_Ness_,0
OpenFlowNetwork,1xx_c,0
OpenFlowNetwork,rangelov94,0
OpenFlowNetwork,Cloud_Hybrid,0
OpenFlowNetwork,rherissi,0
nixcraft,allafricabiz,0
nixcraft,mikezemanek,0
nixcraft,sup_now,0
nixcraft,t0etag,0
nixcraft,IanCsb136,0
nixcraft,mrebola,0
nixcraft,DamienGombault,0
nixcraft,_david_cole_,0
nixcraft,DineshParva,0
nixcraft,grossing42,0
nixcraft,lippi_leo,0
nixcraft,itscilq,0
nixcraft,nauman_nahian,0
nixcraft,Chang037,0
nixcraft,corsaro4j,0
nixcraft,flowestack,0
nixcraft,ShaneUtt,0
nixcraft,kahuna811,0
nixcraft,lupp0l0,0
nixcraft,sharkman,0
nixcraft,dbatrizia,0
nixcraft,ewtritt,0
nixcraft,Ericb1925,0
nixcraft,mushigoyashi,0
nixcraft,net5ec,0
nixcraft,fadyzohdy,0
nixcraft,Weixiang_Chen,0
nixcraft,_alur_,0
nixcraft,OgnjenOmega,0
nixcraft,DiabolicalPlot,0
nixcraft,krishna_kashid,0
nixcraft,nhannq,0
nixcraft,MichaelJTownsen,0
nixcraft,inowke,0
nixcraft,cnigrini,0
nixcraft,bioshenry,0
nixcraft,tozanni,0
nixcraft,iamMrDom,0
nixcraft,opsecanimals,0
nixcraft,dayglojesus,0
nixcraft,AtomiKe_,0
nixcraft,rcolebaugh,0
nixcraft,Naceur7,0
nixcraft,bytehousehost,0
nixcraft,afromankenobi,0
nixcraft,sharkthemepark,0
nixcraft,Fr33d0nN4dd,0
nixcraft,jarsmp,0
nixcraft,stonecut2010,0
nixcraft,wearehireable,0
nixcraft,alpecli,0
nixcraft,he1ix,0
nixcraft,ahmadabdelhamid,0
nixcraft,invalidgreen,0
nixcraft,crazynuxer,0
nixcraft,aless,0
nixcraft,KarmicGeezer,0
nixcraft,farolito,0
nixcraft,ericrschroeder,0
nixcraft,__kepler,0
nixcraft,marque_tools,0
nixcraft,mathiaskroy,0
nixcraft,onoski143,0
nixcraft,rodirossi,0
nixcraft,micha_pae,0
nixcraft,JordanLord1,0
nixcraft,PaulTheAustrian,0
nixcraft,pscorek,0
nixcraft,RassieKariuki,0
nixcraft,JuanchoRossi,0
nixcraft,acp_networks,0
nixcraft,TRaam,0
nixcraft,ganiamri,0
nixcraft,harshfx,0
nixcraft,alnacle,0
nixcraft,waldnont,0
nixcraft,anggorodanu,0
nixcraft,vtemian,0
nixcraft,llyodtibsha,0
nixcraft,iamgotlieb,0
nixcraft,k_rathindranath,0
nixcraft,ozgurodabasi,0
nixcraft,yusufozturk,0
nixcraft,neandertal_n30,0
nixcraft,Go_To_Linux,0
nixcraft,raj_yadav11,0
nixcraft,rihbyne,0
nixcraft,DodziAHNERT,0
nixcraft,arthursonzogni,0
nixcraft,philipwitter,0
nixcraft,kongbro80,0
nixcraft,krenaud,0
nixcraft,yakuzamanalb,0
nixcraft,mniewiera,0
nixcraft,ubaldoPorcheddu,0
nixcraft,l_km_n,0
nixcraft,mhdva604,0
nixcraft,deepakyogi5122,0
nixcraft,srikrishnaholla,0
nixcraft,Zaporozhian,0
martin_casado,markpeek,0
martin_casado,Abouttheroute,0
martin_casado,sudhierbatara,0
martin_casado,nmaka2,0
martin_casado,mangelajoes,0
martin_casado,muneebmansab,0
martin_casado,bitoddity,0
martin_casado,korenbenny,0
martin_casado,sumeethsiriyur,0
martin_casado,ryanmcostello,0
martin_casado,nathan_owen,0
martin_casado,storage_fr,0
martin_casado,m4k4_7,0
martin_casado,PaulCoggin,0
martin_casado,dslevin,0
martin_casado,potato_heads,0
martin_casado,jojostri,0
martin_casado,fturriaf,0
martin_casado,waqasdaar,0
martin_casado,simsrony,0
martin_casado,Fijan_gnosis,0
martin_casado,technamant,0
martin_casado,NetCrackerTech,0
martin_casado,mteferra11,0
martin_casado,RYavatkar,0
martin_casado,H1_TEK_Matt,0
martin_casado,joao__vale,0
martin_casado,karim_sabbagh01,0
martin_casado,radeepak,0
martin_casado,cdeantoni,0
martin_casado,mgrant_lloydit,0
martin_casado,lolagert,0
martin_casado,OpenBaton,0
martin_casado,kshitijarkin,0
martin_casado,JPackirisamy,0
martin_casado,shivam_infoline,0
martin_casado,andraesfr,0
martin_casado,RDLRealtor,0
martin_casado,MittalSachet,0
martin_casado,Leosome,0
martin_casado,joyce19751128,0
martin_casado,zuckertt,0
martin_casado,STORINQUIRER,0
martin_casado,TedTurnerInCal,0
martin_casado,jayoungf9,0
martin_casado,jfhopkinsjr,0
martin_casado,mrkstu,0
martin_casado,BigVision80,0
martin_casado,zwet,0
martin_casado,Gordo_164,0
martin_casado,justonetaz,0
martin_casado,tripstoxic,0
martin_casado,nikunjnemani,0
martin_casado,garry_roy,0
martin_casado,thorministry,0
martin_casado,fdawg4l,0
martin_casado,tomconlee,0
martin_casado,mschneider101,0
martin_casado,wall_dirk,0
martin_casado,RobertHayden,0
martin_casado,samisaviv,0
martin_casado,SoftwareHollis,0
martin_casado,bm_invincible,0
martin_casado,revo,0
martin_casado,maa_pinho,0
martin_casado,suniltpn,0
martin_casado,DK117,0
martin_casado,WarrenBelkin,0
martin_casado,mallmyriadstore,0
martin_casado,FeargusYoung,0
martin_casado,nikonau,0
martin_casado,ritazreiby,0
martin_casado,jagjita,0
martin_casado,SEO9293,0
martin_casado,vcegeorge,0
martin_casado,sachibk,0
martin_casado,2x2xii,0
martin_casado,sumiciu,0
martin_casado,virtualsaif,0
martin_casado,vmwoctoblog,0
martin_casado,manlapaz777,0
martin_casado,Mildfart1,0
martin_casado,jtinouye,0
martin_casado,controlplane_cc,0
martin_casado,vMOmar1,0
martin_casado,neugebar,0
martin_casado,evgeniypetrunko,0
martin_casado,ITChannelTT,0
martin_casado,LukKlin,0
martin_casado,SchemanGrant,0
martin_casado,gielinda2,0
martin_casado,H2020_VITAL,0
martin_casado,DW_USA,0
martin_casado,malhotranitesh,0
martin_casado,LocationBridge,0
martin_casado,startswithv,0
martin_casado,charlieroffe,0
martin_casado,travisnburton,0
martin_casado,_nickmaio_,0
martin_casado,nzdr,0
pica8,korenbenny,0
pica8,gromteceurope,0
pica8,cPanelCourse,0
pica8,lynnwei9571,0
pica8,lutu_na,0
pica8,dslevin,0
pica8,akiko_ivy,0
pica8,hpe_schavey,0
pica8,abhay_sapru,0
pica8,karim_sabbagh01,0
pica8,jcbelmonte,0
pica8,ServiceClarity,0
pica8,jgcav78,0
pica8,stiekes,0
pica8,georgehewitt,0
pica8,hawkinsjohn,0
pica8,zwet,0
pica8,sd_omkar,0
pica8,tcomerma,0
pica8,SenthilParamas,0
pica8,terry_mcgibbon,0
pica8,marschen2009,0
pica8,byoung685,0
pica8,nethullk,0
pica8,sunitchauhan,0
pica8,manikandaraj_in,0
pica8,mattjinnj,0
pica8,thebigbluebin,0
pica8,Henry__PAN,0
pica8,zeki893,0
pica8,mnieves2000,0
pica8,biner54,0
pica8,AceKrish,0
pica8,piter_m,0
pica8,ChaseJospeh,0
pica8,Alwarrag,0
pica8,CDP_FST,0
pica8,2universe,0
pica8,YanbingLi,0
pica8,ehabhadi,0
pica8,wendohw,0
pica8,NeilATrevains,0
pica8,hiro_fnk,0
pica8,_Desmoden,0
pica8,biglube,0
pica8,brice_stephane,0
pica8,dolphin2017,0
pica8,TurgayTK,0
pica8,AhsanGhayas1,0
pica8,TravisVanDuyn,0
pica8,C1ph3rdTech,0
pica8,riyazhassim,0
pica8,jcoleis,0
pica8,keithosu,0
pica8,liushyshy,0
pica8,FocalByte,0
pica8,CumulusKevin,0
pica8,kesavankm,0
pica8,Almost_Finished,0
pica8,saurabhaditya,0
pica8,rlbaas,0
pica8,Antowaine,0
pica8,davidescandon,0
pica8,inocybetech,0
pica8,rizwanahboodhoo,0
pica8,mohitmehta83,0
pica8,ECS_IT,0
pica8,GreggH_,0
pica8,chiprodgers,0
pica8,exabgp,0
pica8,nvirter,0
pica8,networkartistry,0
pica8,khabberfield,0
pica8,TECH__JAPAN,0
pica8,rduttsj,0
pica8,MarkCastellani,0
pica8,Tech_Norway,0
pica8,WingkanChu,0
pica8,Naquadah_yoofy,0
pica8,abdulrehman_an,0
pica8,sdnlab_news,0
pica8,hbrifat,0
pica8,jgintert,0
pica8,TECH_AUSTRALIA,0
pica8,ChenBurshan,0
pica8,fladampc,0
pica8,burlingamer,0
pica8,mfaisalk27,0
pica8,ZohaibAMalik,0
pica8,MILLENIAL_TECH,0
pica8,WHenderickx,0
pica8,Twaregg,0
pica8,antoine_STHLM,0
pica8,TapioYlitalo,0
pica8,mjsmith11,0
pica8,vincent_garr,0
pica8,iamjamiecorrea,0
pica8,therealvassic,0
pica8,TechCraiz,0
pica8,ronin048,0
TorstenBell,ThirdChain3,0
TorstenBell,sanjaysonedshr,0
TorstenBell,MickBower1,0
TorstenBell,ayorkshire_rose,0
TorstenBell,JoBale,0
TorstenBell,alvin_manova,0
TorstenBell,njamesoncuk,0
TorstenBell,GeekDadGamer,0
TorstenBell,stephenlclarke,0
TorstenBell,cml121,0
TorstenBell,shreeram7gmail1,0
TorstenBell,WestminsterSSG,0
TorstenBell,osde8info,0
TorstenBell,RoxanneRooney1,0
TorstenBell,HR_Annie,0
TorstenBell,CreateMusicEd,0
TorstenBell,BirkbeckEFS,0
TorstenBell,CronerReward,0
TorstenBell,kvblower,0
TorstenBell,mustafasuleymn,0
TorstenBell,JoannaY782,0
TorstenBell,womanwithsadnes,0
TorstenBell,760628lx,0
TorstenBell,FilibusterUK,0
TorstenBell,chfxman,0
TorstenBell,JenniferRiddell,0
TorstenBell,chukwunyere2013,0
TorstenBell,PowerON_SA,0
TorstenBell,mmirzath,0
TorstenBell,ihaveleftlabour,0
TorstenBell,vimalvi52608489,0
TorstenBell,DanielBoffey,0
TorstenBell,formationapps,0
TorstenBell,Creamster88,0
TorstenBell,JayBarrow7,0
TorstenBell,TF_FractAlerts,0
TorstenBell,westpolicy,0
TorstenBell,BramleyVbramley,0
TorstenBell,PalashP34566197,0
TorstenBell,lakemina157,0
TorstenBell,sajidmaqboolahm,0
TorstenBell,Martillo44,0
TorstenBell,retepelyod,0
TorstenBell,MortenSiersted,0
TorstenBell,DominicLindley,0
TorstenBell,arhurrell,0
TorstenBell,HOAMinSEATTLE,0
TorstenBell,ParmarPrakaah,0
TorstenBell,MullaFar,0
TorstenBell,ManojJa53475301,0
TorstenBell,GoodbyeKoch,0
TorstenBell,fred_nzavi,0
TorstenBell,kandacecaine,0
TorstenBell,MarkNamazi,0
TorstenBell,bXUjgBM9TiPTpAf,0
TorstenBell,FA_Dollar,0
TorstenBell,mark4thorne,0
TorstenBell,diane1859,0
TorstenBell,SymonsYahoo,0
TorstenBell,MissLilySummers,0
TorstenBell,LilyCaprani,0
TorstenBell,CarolLinforth1,0
TorstenBell,MichaelJHill94,0
TorstenBell,abdisamadiamond,0
TorstenBell,geek_economics,0
TorstenBell,PIIE_com,0
TorstenBell,lsktaxitour,0
TorstenBell,nickysmybrother,0
TorstenBell,josebakoldoclav,0
TorstenBell,DSrubes,0
TorstenBell,CarnegieUKTrust,0
TorstenBell,islingtonmtum,0
TorstenBell,SakiSadiq,0
TorstenBell,katiehunt1997,0
TorstenBell,shakeeljaanjaan,0
TorstenBell,TheCEME,0
TorstenBell,Amql8887Abdo,0
TorstenBell,AshleyGovier,0
TorstenBell,OneFileEY,0
TorstenBell,faizashaheen,0
TorstenBell,Muhamma10636030,0
TorstenBell,KennyFarq,0
TorstenBell,joethompson3796,0
TorstenBell,viviennedaly,0
TorstenBell,uproov,0
TorstenBell,Sk244Sa,0
TorstenBell,rashidmehmooda6,0
TorstenBell,rusc2016,0
TorstenBell,sandragogglebox,0
TorstenBell,vikashpurohit7,0
TorstenBell,SSFoundation,0
TorstenBell,Bablu30051985g1,0
TorstenBell,albertwallace66,0
TorstenBell,CamPubPolSRI,0
TorstenBell,econbite,0
TorstenBell,UNUWIDER,0
TorstenBell,HuamanViky,0
TorstenBell,SEUAADC,0
TorstenBell,SelinaNath,0
TorstenBell,pob11mh,0
MagnusHHaslebo,One2speak,0
MagnusHHaslebo,SteenAJ,0
MagnusHHaslebo,bring_laura,0
MagnusHHaslebo,DorteTaebring,0
MagnusHHaslebo,TaebringMagnus,0
MagnusHHaslebo,GryReiter,0
MagnusHHaslebo,KasparOttosen,0
MagnusHHaslebo,ChaudhuryVijay,0
MagnusHHaslebo,FannyBroholm,0
MagnusHHaslebo,MagnusUlveman,0
MagnusHHaslebo,MarianneVHansen,0
MagnusHHaslebo,Helena_Udsen,0
MagnusHHaslebo,Hauge_JR,0
MagnusHHaslebo,GitteMenaka,0
MagnusHHaslebo,AltingetKlima,0
MagnusHHaslebo,ThitJuulMadsen,0
MagnusHHaslebo,JosefineBoel,0
MagnusHHaslebo,Askemoon,0
MagnusHHaslebo,medhatkhattab12,0
MagnusHHaslebo,nafisafiidow,0
MagnusHHaslebo,LineElmegaard,0
MagnusHHaslebo,moodsandfoodDK,0
MagnusHHaslebo,ljoe0303,0
MagnusHHaslebo,MayaSchott,0
MagnusHHaslebo,Sherwoodfolk,0
MagnusHHaslebo,grapefrugten,0
MagnusHHaslebo,julie_kirketerp,0
MagnusHHaslebo,pjstark77,0
MagnusHHaslebo,SiggaNolsoe,0
MagnusHHaslebo,linwmadsen,0
MagnusHHaslebo,Sjovevideoer,0
MagnusHHaslebo,LauMikkelsen,0
MagnusHHaslebo,Mbudolfsen,0
MagnusHHaslebo,LisbethBPoulsen,0
MagnusHHaslebo,Marchen_Neel,0
MagnusHHaslebo,SundeepMousun,0
MagnusHHaslebo,buch_aasholm,0
MagnusHHaslebo,UlrikBaltzer,0
MagnusHHaslebo,ok20156,0
MagnusHHaslebo,crissrass,0
MagnusHHaslebo,MartinKaag,0
MagnusHHaslebo,Grundlovsdag,0
MagnusHHaslebo,Jens_Bomholt,0
MagnusHHaslebo,bornefonden,0
MagnusHHaslebo,MaryLouLund,0
MagnusHHaslebo,tokehelmo,0
MagnusHHaslebo,odekida,0
MagnusHHaslebo,MarcusG39161409,0
MagnusHHaslebo,soyno84,0
MagnusHHaslebo,830408,0
MagnusHHaslebo,Jovanc926,0
MagnusHHaslebo,kojimathht,0
MagnusHHaslebo,Green_back,0
MagnusHHaslebo,CinShu21,0
MagnusHHaslebo,XUad6emg1QlMEJR,0
MagnusHHaslebo,ginwomatoumono,0
MagnusHHaslebo,ouka555jp,0
MagnusHHaslebo,momorinx,0
MagnusHHaslebo,koyo0,0
MagnusHHaslebo,BettyBettyblue,0
MagnusHHaslebo,ryuyano,0
MagnusHHaslebo,kazukotwi,0
MagnusHHaslebo,MattCarvar,0
MagnusHHaslebo,Laserlazze,0
MagnusHHaslebo,cuifwg4422,0
MagnusHHaslebo,SHUNmaeda,0
MagnusHHaslebo,yasuakisann,0
MagnusHHaslebo,GooYbb,0
MagnusHHaslebo,addestrando,0
MagnusHHaslebo,mumuku188,0
MagnusHHaslebo,ThueHolm,0
MagnusHHaslebo,moyurumoyu,0
MagnusHHaslebo,Okayas14,0
MagnusHHaslebo,kodamaniax,0
MagnusHHaslebo,080_6231,0
MagnusHHaslebo,ryoyakyuu,0
MagnusHHaslebo,t_fukata2007,0
MagnusHHaslebo,aBnRJDJIzuzcS5h,0
MagnusHHaslebo,chirondon,0
MagnusHHaslebo,drkatatan,0
MagnusHHaslebo,nispeternissen,0
MagnusHHaslebo,yujhfafadfruecu,0
MagnusHHaslebo,nornen288,0
MagnusHHaslebo,hige1031,0
MagnusHHaslebo,superWalesman,0
MagnusHHaslebo,isebuw,0
MagnusHHaslebo,ninjippi,0
MagnusHHaslebo,janemerrick23,0
MagnusHHaslebo,kuma_sakuma_,0
MagnusHHaslebo,nicholaswatt,0
MagnusHHaslebo,Alorenzen,0
MagnusHHaslebo,UffeElbaekMP,0
MagnusHHaslebo,_alexforrest,0
MagnusHHaslebo,_madskd,0
MagnusHHaslebo,PeterDeunov,0
MagnusHHaslebo,JulieRke,0
MagnusHHaslebo,katlindholt,0
MagnusHHaslebo,BreumAndersson,0
MagnusHHaslebo,ErikMMGI,0
aiww,theweird_divide,0
aiww,PeloteLaine,0
aiww,gabichueIas,0
aiww,HireTeamMate,0
aiww,mazimose,0
aiww,Thang7181,0
aiww,macy3382,0
aiww,TheGeoKing,0
aiww,hypscher,0
aiww,ReginaTsuki,0
aiww,mod_vic_gent,0
aiww,bobosong1984,0
aiww,XinLiuart,0
aiww,MarineBetranco1,0
aiww,looovetinkebell,0
aiww,GeoPolitikon,0
aiww,AshleyMcNelis,0
aiww,anydel,0
aiww,mischka_,0
aiww,angharadwj,0
aiww,mrssgtpepper,0
aiww,singh_jeetbeat,0
aiww,AlineGamberale,0
aiww,BB_Brighton,0
aiww,rkyang,0
aiww,Michael87424778,0
aiww,sofiecodo,0
aiww,jacobsenjessic1,0
aiww,paolacarboni,0
aiww,PredellaHouse,0
aiww,WTable,0
aiww,jungry,0
aiww,Ihnatko,0
aiww,shazarooo,0
aiww,brigidsundborn,0
aiww,MariaKRauchenb,0
aiww,mister_herrera,0
aiww,BTTRT,0
aiww,sarahmccaig81,0
aiww,mmmishmash,0
aiww,lookgod0905,0
aiww,jessjessrowe,0
aiww,cammywattpaint,0
aiww,zzarvi,0
aiww,Mathew_Lynn,0
aiww,NicoBarbata,0
aiww,lucyintheusa,0
aiww,Abergdahl1,0
aiww,paul_hamstead,0
aiww,Bprestup,0
aiww,saul63121964,0
aiww,jilllaudet,0
aiww,DowelHuang,0
aiww,henryjweaver,0
aiww,4b8c5e6813c4486,0
aiww,wahwahnyc,0
aiww,auhoug,0
aiww,tangwei99,0
aiww,skorpine,0
aiww,Fotis_Filippou,0
aiww,bouba05f,0
aiww,koopman1989,0
aiww,queenbness,0
aiww,fzq9999,0
aiww,UEckart,0
aiww,echolin007,0
aiww,ELENITZWRTZI,0
aiww,marcelodetroi,0
aiww,bidenisbae,0
aiww,inkyeye,0
aiww,hayleekweston,0
aiww,Gary_Zhang_hk,0
aiww,wurstix,0
aiww,KIRKH_,0
aiww,xialuodewang,0
aiww,dr_future,0
aiww,mwmzrn,0
aiww,fluxusfilm,0
aiww,cloerose28,0
aiww,adine2ds,0
aiww,jamesc_foster3,0
aiww,ARTmargok,0
aiww,Whiter_cat,0
aiww,iz17taylor,0
aiww,mrs_wippi,0
aiww,c_toffer,0
aiww,Henesua,0
aiww,JuanCascon1,0
aiww,kaminowing,0
aiww,chenjack055,0
aiww,MaryMagler,0
aiww,Koningin_BE,0
aiww,GudebaiH,0
aiww,laurabunt,0
aiww,FelicioNitsche,0
aiww,thatsamoray,0
aiww,medyhaj,0
aiww,HOTTLIKECAJUN,0
JulieBoenec,aktunchenparkme,0
JulieBoenec,NeuvooZurichCEN,0
JulieBoenec,HikingAfrica,0
JulieBoenec,jetsetdaddy,0
JulieBoenec,oddmoe,0
JulieBoenec,partonsenvoyage,0
JulieBoenec,EarthAndTravel,0
JulieBoenec,adorablelissy,0
JulieBoenec,ribahaqomam,0
JulieBoenec,madventuretour,0
JulieBoenec,Hoolders,0
JulieBoenec,danflyingsolo,0
JulieBoenec,TourismeMagFr,0
JulieBoenec,BRnstore,0
JulieBoenec,TomasHggstrm,0
JulieBoenec,SpotMePlace,0
JulieBoenec,UpNorthDE,0
JulieBoenec,InFredWeTrust,0
JulieBoenec,Svensktillv,0
JulieBoenec,TheBestofHotels,0
JulieBoenec,Everette,0
JulieBoenec,VieInoubliable,0
JulieBoenec,cvanierschot,0
JulieBoenec,gezicom,0
JulieBoenec,S_Moreau1,0
JulieBoenec,SavitriaTs89hxi,0
JulieBoenec,theresacoates62,0
JulieBoenec,AfricanTrav,0
JulieBoenec,ValeryNisat,0
JulieBoenec,KennyWarner,0
JulieBoenec,cykemunehiw,0
JulieBoenec,FuzeUsWomen,0
JulieBoenec,Nuradeeeen,0
JulieBoenec,seeturkeycom,0
JulieBoenec,sbi1887,0
JulieBoenec,ZaschaFriis,0
JulieBoenec,ThePortlandBlog,0
JulieBoenec,amid_the_ruins,0
JulieBoenec,ROCKWOOL_France,0
JulieBoenec,lamper_craig,0
JulieBoenec,rspz,0
JulieBoenec,weCONECTMedia,0
JulieBoenec,AKOUNAMONEY,0
JulieBoenec,Curvilinear_Art,0
JulieBoenec,FredericAbitan,0
JulieBoenec,ggeorgiev,0
JulieBoenec,moovelLab,0
JulieBoenec,art_abstracts,0
JulieBoenec,Trip2L,0
JulieBoenec,PromoteYourAds,0
JulieBoenec,kdeep39,0
JulieBoenec,MereteBuljo,0
JulieBoenec,Vane_airport,0
JulieBoenec,DebbieO56534278,0
JulieBoenec,livedreamdiscov,0
JulieBoenec,Nancy_Morin33,0
JulieBoenec,pierrelecorf,0
JulieBoenec,EmanuelPhilippi,0
JulieBoenec,NMBTravels,0
JulieBoenec,vanessalabrie,0
JulieBoenec,CycleMapApp,0
JulieBoenec,Lov3rzWorldwide,0
JulieBoenec,roadsofwonders,0
JulieBoenec,AlexPashkov_en,0
JulieBoenec,ScandWpg,0
JulieBoenec,CreditEditSA,0
JulieBoenec,HenrikPiga,0
JulieBoenec,marcgarridoclot,0
JulieBoenec,jmfpositive,0
JulieBoenec,beba_buddy,0
JulieBoenec,AAVoyages,0
JulieBoenec,Sylvestersen,0
JulieBoenec,alarno,0
JulieBoenec,theartistdreams,0
JulieBoenec,Christ_Eve,0
JulieBoenec,petitXplorateur,0
JulieBoenec,Amagerica,0
JulieBoenec,rossiwritesblog,0
JulieBoenec,Voyagerlemonde,0
JulieBoenec,Avideliberte,0
JulieBoenec,brbrasseur,0
JulieBoenec,froginthefjord,0
JulieBoenec,Travel_Tulips,0
JulieBoenec,lifefrance,0
JulieBoenec,WorldOnTravel,0
JulieBoenec,RomeDecouverte,0
JulieBoenec,benoitjourdain,0
JulieBoenec,VGuinebretiere,0
JulieBoenec,DavLegrand,0
JulieBoenec,expatindenmark,0
JulieBoenec,UnAutreJourEnEu,0
JulieBoenec,pi_sophie,0
JulieBoenec,BlogTrotteuses,0
JulieBoenec,CheeseTraveller,0
JulieBoenec,paolyKol,0
JulieBoenec,feetmeanttoroam,0
JulieBoenec,LaIndianTouch,0
JulieBoenec,ObanVoyage,0
NewsAtTen,MilesHenson,0
NewsAtTen,MohammedRaz1970,0
NewsAtTen,coventryculture,0
NewsAtTen,ihavenoanswer,0
NewsAtTen,leem851,0
NewsAtTen,CharlieRose1,0
NewsAtTen,LNovakovic,0
NewsAtTen,ARTEM_KLYUSHIN,0
NewsAtTen,ahusseini,0
NewsAtTen,StephenBowers,0
NewsAtTen,Hayleyw17994073,0
NewsAtTen,HornyToed,0
NewsAtTen,larronfc,0
NewsAtTen,KayBurleyAdvice,0
NewsAtTen,LeahNaomi4,0
NewsAtTen,PDuckworthITV,0
NewsAtTen,MoorsonJen,0
NewsAtTen,AlexEdoh2013,0
NewsAtTen,4theluvoCamelot,0
NewsAtTen,Jorgierebeccax,0
NewsAtTen,johnbayley1978,0
NewsAtTen,dominicosulliv6,0
NewsAtTen,germanrisa,0
NewsAtTen,farish_danny317,0
NewsAtTen,AJAYHDAS,0
NewsAtTen,Duffygary,0
NewsAtTen,Fitlou,0
NewsAtTen,GemloOnyxArmer,0
NewsAtTen,louisafelton1,0
NewsAtTen,SolicitorMel,0
NewsAtTen,RobJ93,0
NewsAtTen,tambighirl,0
NewsAtTen,IanJSherwood,0
NewsAtTen,GGtiling,0
NewsAtTen,Christi69513580,0
NewsAtTen,themisfit1983,0
NewsAtTen,plessy86,0
NewsAtTen,JoeFloccari,0
NewsAtTen,Mccrozite,0
NewsAtTen,BrenieB,0
NewsAtTen,jenstone90,0
NewsAtTen,AllanMustResign,0
NewsAtTen,insideman80,0
NewsAtTen,holt_zenaida,0
NewsAtTen,ytangjean,0
NewsAtTen,bjwbb2k16,0
NewsAtTen,gavsgutters,0
NewsAtTen,JenLongdenTV,0
NewsAtTen,NicolaBrown66,0
NewsAtTen,dean200993,0
NewsAtTen,MrsLivelyBee,0
NewsAtTen,ashaikhspeare,0
NewsAtTen,theukstrategist,0
NewsAtTen,EmilyGadd,0
NewsAtTen,viveksharma98,0
NewsAtTen,Dawson0972S,0
NewsAtTen,MrsSarahLSharpe,0
NewsAtTen,StrongerInPress,0
NewsAtTen,PanayiPaul,0
NewsAtTen,beesAVbuzz,0
NewsAtTen,LiLMissApache,0
NewsAtTen,JoseGRosa,0
NewsAtTen,JloukesLoukes,0
NewsAtTen,mcdonoughnews,0
NewsAtTen,AmyLewisSport,0
NewsAtTen,reecehs_www,0
NewsAtTen,DavidCUnger,0
NewsAtTen,lewisscfcball,0
NewsAtTen,YasmineCashITV,0
NewsAtTen,SMcIlveen,0
NewsAtTen,bikerric,0
NewsAtTen,Maria_Osborne81,0
NewsAtTen,jayne_owen6,0
NewsAtTen,TraversSarah,0
NewsAtTen,chowdz,0
NewsAtTen,gebex,0
NewsAtTen,topbutler,0
NewsAtTen,EP_Lawrence,0
NewsAtTen,alan_ahmad1,0
NewsAtTen,LauraBurnsTV,0
NewsAtTen,brit048,0
NewsAtTen,_cosmic_kid,0
NewsAtTen,donaldjmac,0
NewsAtTen,olivia_hulme,0
NewsAtTen,Sara__Firth,0
NewsAtTen,RecoverEd08,0
NewsAtTen,Irenemiles19,0
NewsAtTen,xsouthmedia,0
NewsAtTen,suejustlooking,0
NewsAtTen,trace1209,0
NewsAtTen,adamlancelot,0
NewsAtTen,EthanRylett,0
NewsAtTen,Alana_IrwinX,0
NewsAtTen,EsteemSandwell,0
NewsAtTen,Service_MN,0
NewsAtTen,Coachfordnews,0
NewsAtTen,garydoc777,0
NewsAtTen,simonwheale,0
NewsAtTen,katethegreat53,0
NewsAtTen,paulosbourne,0
drinkscharityUK,Alexy82y,0
drinkscharityUK,HSchendera,0
drinkscharityUK,OrchardBox,0
drinkscharityUK,nnightingale90,0
drinkscharityUK,Hannah4301,0
drinkscharityUK,ConcreteShakers,0
drinkscharityUK,slurpconsultanc,0
drinkscharityUK,Pippaseckford,0
drinkscharityUK,Lo4Ms,0
drinkscharityUK,arboledawines,0
drinkscharityUK,oldjspicedrum,0
drinkscharityUK,PjkWk,0
drinkscharityUK,BeeLefevre,0
drinkscharityUK,87Food_,0
drinkscharityUK,ColchesterApp,0
drinkscharityUK,DanDanWineMan,0
drinkscharityUK,SaxonPackaging,0
drinkscharityUK,andrewcingham,0
drinkscharityUK,GrappaNardiniUK,0
drinkscharityUK,de_Castelnau,0
drinkscharityUK,spiritsbeerwine,0
drinkscharityUK,DraftHouseSL,0
drinkscharityUK,culinarytravel,0
drinkscharityUK,NangyaaaL,0
drinkscharityUK,BrettCrittenden,0
drinkscharityUK,v2j3n4,0
drinkscharityUK,SipOrMix,0
drinkscharityUK,damncheekywines,0
drinkscharityUK,NormalWine,0
drinkscharityUK,jmonzonaguilera,0
drinkscharityUK,BilletRichard,0
drinkscharityUK,RichardBillett,0
drinkscharityUK,SpeccieWineClub,0
drinkscharityUK,carrolltrust,0
drinkscharityUK,danstead28,0
drinkscharityUK,IGWines,0
drinkscharityUK,SUPERfreakband,0
drinkscharityUK,JennyMGardener,0
drinkscharityUK,TheRMBF,0
drinkscharityUK,wine_school,0
drinkscharityUK,Quircewines,0
drinkscharityUK,PeoplesTrustUK,0
drinkscharityUK,InvivoWines,0
drinkscharityUK,PortugalHols,0
drinkscharityUK,diffordsguide,0
drinkscharityUK,MrScottEddy,0
drinkscharityUK,maria_hulley,0
drinkscharityUK,RivesGin,0
drinkscharityUK,vinvixen,0
drinkscharityUK,Hamishclarke,0
drinkscharityUK,gvreview,0
drinkscharityUK,RenaissanceVin,0
drinkscharityUK,SkalpWorldwide,0
drinkscharityUK,Odd_E_Dulwich,0
drinkscharityUK,fluidfusionjobs,0
drinkscharityUK,wineandpost,0
drinkscharityUK,gem7o,0
drinkscharityUK,Vivamagazines,0
drinkscharityUK,Alcione_Lopez,0
drinkscharityUK,santachupitos,0
drinkscharityUK,Shopdartington,0
drinkscharityUK,helenrambo,0
drinkscharityUK,cafe_famille,0
drinkscharityUK,gavmcgowanmadoo,0
drinkscharityUK,LukeSiddall,0
drinkscharityUK,routeorg,0
drinkscharityUK,prfuturevintage,0
drinkscharityUK,devil_141,0
drinkscharityUK,CliqueVodka,0
drinkscharityUK,KellyMitchell,0
drinkscharityUK,charxallegri,0
drinkscharityUK,EdtheMac,0
drinkscharityUK,PrivateCellar,0
drinkscharityUK,PCHopkins,0
drinkscharityUK,CascoViejoTqula,0
drinkscharityUK,georgeburrough_,0
drinkscharityUK,TorHT,0
drinkscharityUK,SeckfordWines,0
drinkscharityUK,WineCorner1,0
drinkscharityUK,AFWS,0
drinkscharityUK,VaneeVino,0
drinkscharityUK,Vooghtie,0
drinkscharityUK,TheBearKick,0
drinkscharityUK,milomacinnes,0
drinkscharityUK,JusterinisMel,0
drinkscharityUK,a701912004,0
drinkscharityUK,WineSelfies,0
drinkscharityUK,LaithwaitesBeac,0
drinkscharityUK,freddybulmer,0
drinkscharityUK,winesakesocial,0
drinkscharityUK,HakWineMidEast,0
drinkscharityUK,oldcustomhse19,0
drinkscharityUK,VinatisUK,0
drinkscharityUK,luscombedrinks,0
AndyJackson_UK,JohnMcInnis595,0
AndyJackson_UK,BubaNutrikind,0
AndyJackson_UK,ericedwardsabud,0
AndyJackson_UK,mentiohq,0
AndyJackson_UK,DougTI,0
AndyJackson_UK,FrankFargher,0
AndyJackson_UK,PerakendePalas,0
AndyJackson_UK,DeckledEdgeArt,0
AndyJackson_UK,CodeCloudMe,0
AndyJackson_UK,TilaiBeats,0
AndyJackson_UK,angelajbates,0
AndyJackson_UK,DGbeautyblog,0
AndyJackson_UK,textmimedia,0
AndyJackson_UK,mrkevinturton,0
AndyJackson_UK,JosciJoel,0
AndyJackson_UK,josephjuro,0
AndyJackson_UK,simontondc,0
AndyJackson_UK,PoetArtistActor,0
AndyJackson_UK,_Ally_Bally_Bee,0
AndyJackson_UK,kev_south,0
AndyJackson_UK,ilovefootbalido,0
AndyJackson_UK,RuthJackBBO,0
AndyJackson_UK,X_abcxyz_X,0
AndyJackson_UK,punkcore12,0
AndyJackson_UK,fbbd2936cfdd47a,0
AndyJackson_UK,javier_F_H,0
AndyJackson_UK,thenext_step123,0
AndyJackson_UK,Ewolucja,0
AndyJackson_UK,ptarkkonen,0
AndyJackson_UK,GITRUK,0
AndyJackson_UK,WebdesignModern,0
AndyJackson_UK,Guardian_AngeI,0
AndyJackson_UK,N2NMA_Action,0
AndyJackson_UK,pirnoorullah,0
AndyJackson_UK,dejene_mulugeta,0
AndyJackson_UK,milyas73a,0
AndyJackson_UK,HELLOPROMETHEUS,0
AndyJackson_UK,tiwhitter,0
AndyJackson_UK,PaulNJacobsen,0
AndyJackson_UK,estevecastells,0
AndyJackson_UK,DigitalTourBus,0
AndyJackson_UK,SSModelling,0
AndyJackson_UK,sarannep,0
AndyJackson_UK,Net_Narrative,0
AndyJackson_UK,2020dotFM,0
AndyJackson_UK,Qriketspins,0
AndyJackson_UK,playwrighters,0
AndyJackson_UK,rajeevr1900,0
AndyJackson_UK,El_Deano,0
AndyJackson_UK,STampaTherapy,0
AndyJackson_UK,ckw09,0
AndyJackson_UK,foundedtv,0
AndyJackson_UK,neuronguard,0
AndyJackson_UK,dblakebarnes,0
AndyJackson_UK,Plaquesetc,0
AndyJackson_UK,YoavAdler,0
AndyJackson_UK,Bennett46904522,0
AndyJackson_UK,Invest_Here,0
AndyJackson_UK,rogerdooley,0
AndyJackson_UK,MilanParkAve,0
AndyJackson_UK,JohnZwerenz,0
AndyJackson_UK,ExfelonAssoc,0
AndyJackson_UK,reachoutpoint,0
AndyJackson_UK,JoelZomo,0
AndyJackson_UK,boba_limited,0
AndyJackson_UK,GlobaluxHybrid,0
AndyJackson_UK,lbdmua,0
AndyJackson_UK,SMeetpoint,0
AndyJackson_UK,bridges2italy,0
AndyJackson_UK,no1graffiti,0
AndyJackson_UK,AGPafitis,0
AndyJackson_UK,ABSconsulting,0
AndyJackson_UK,javierpantoja87,0
AndyJackson_UK,exexzian,0
AndyJackson_UK,McGuinnessKevin,0
AndyJackson_UK,ashokpanda1,0
AndyJackson_UK,DebBeeley,0
AndyJackson_UK,craftsman25nov,0
AndyJackson_UK,Manel_Kingsnake,0
AndyJackson_UK,paviodmuniz,0
AndyJackson_UK,weareROC,0
AndyJackson_UK,SidharthChoud14,0
AndyJackson_UK,back2workclub,0
AndyJackson_UK,takecareofUUU,0
AndyJackson_UK,NBEPIC,0
AndyJackson_UK,LeluAmerican,0
AndyJackson_UK,BitchainATM,0
AndyJackson_UK,Signupfirst1,0
AndyJackson_UK,mamookids,0
AndyJackson_UK,WebCamShowGirl,0
AndyJackson_UK,EEZYNativeRTB,0
AndyJackson_UK,CindyDoorbar,0
AndyJackson_UK,filip86775123,0
AndyJackson_UK,biuDuoo,0
AndyJackson_UK,AnywhereCEO,0
AndyJackson_UK,essa_nassr,0
AndyJackson_UK,Opp2Invest,0
AndyJackson_UK,LiveKindNet,0
AndyJackson_UK,vroyo9917,0
AndyJackson_UK,ReLUXPartners,0
daschles,Spence_at_APAC,0
daschles,CynthiaRupeka,0
daschles,Xiaohuajuan99,0
daschles,lukeanthonyhunt,0
daschles,Teslaso,0
daschles,QuinnMarchio,0
daschles,florianpihs,0
daschles,moansarali,0
daschles,brian_tracey,0
daschles,PersecutionOn,0
daschles,gaekicha,0
daschles,crewmilitary,0
daschles,COREENE_W,0
daschles,JoeRoccaforte,0
daschles,SpencerSheehan,0
daschles,xinwenxiaojie,0
daschles,salarysharkasia,0
daschles,ZColemanHK,0
daschles,jcarrozza40,0
daschles,funnelholic,0
daschles,A8avL3ercQrgZYl,0
daschles,roannedods,0
daschles,JANETONG3,0
daschles,sheep0egg,0
daschles,khalidalgamdi12,0
daschles,richbarc,0
daschles,spencerhall,0
daschles,NoaYachot,0
daschles,dinfinkenya,0
daschles,testvalve254,0
daschles,Winslow_R,0
daschles,Qinzhen5,0
daschles,craigbuj,0
daschles,sophiebrown,0
daschles,SYNQfm,0
daschles,suburbiabro,0
daschles,pud_gu,0
daschles,yueyueyuewang,0
daschles,BethanyAllenEbr,0
daschles,crehage,0
daschles,Erickjsc01Sosa,0
daschles,CastleHillChina,0
daschles,WitxjpXjp,0
daschles,WmGermano,0
daschles,MedhaviArora,0
daschles,gstrafella,0
daschles,mengkai_d,0
daschles,JOHNNYESTRADA19,0
daschles,ferminaglazer,0
daschles,HRPressAwards,0
daschles,MJ251290687LV,0
daschles,socialstartnow,0
daschles,BradleyMan3,0
daschles,RyanofVinheim,0
daschles,PerfectHomesCM,0
daschles,caixin,0
daschles,SANDEEP11836604,0
daschles,Sophiaxuqian,0
daschles,klodge1,0
daschles,EJNetwork,0
daschles,Ule_Lookohyeah,0
daschles,keytlenggg,0
daschles,chenyuliang,0
daschles,ChangeforAsia,0
daschles,CrowdfundAgent,0
daschles,GulfStateAnalyt,0
daschles,aritzparra,0
daschles,redleaf8,0
daschles,peszeke,0
daschles,Turkish_Sun,0
daschles,emilybarner2,0
daschles,davidkpolicycn,0
daschles,mirandan247,0
daschles,mickstadt,0
daschles,Sociafy,0
daschles,Yaqiu,0
daschles,GCCSmartGov,0
daschles,gurjindertweets,0
daschles,ckykristine,0
daschles,zannahb,0
daschles,PatrickPesgreen,0
daschles,JobSearchCHONG,0
daschles,europapress_de,0
daschles,ConTraxVMS,0
daschles,NeonRabbit1,0
daschles,DiarioAsia,0
daschles,machy_wangtr,0
daschles,ChrisBoian,0
daschles,CathyAronin,0
daschles,Ibridgecharity,0
daschles,jenskoenberg,0
daschles,sffed,0
daschles,mlv_5,0
daschles,FiFiFiFiFiona_Z,0
daschles,acfou,0
daschles,chinaarabnews,0
daschles,MyAirSales,0
daschles,Scarlet_Vpa,0
daschles,Broker_Fish,0
daschles,MarianneBungo,0
JCBua,zaibatsu,0
JCBua,_JimGentile,0
JCBua,MyRocketTshirt,0
JCBua,williamjohn418,0
JCBua,Callisto1947,0
JCBua,ahmed22019960,0
JCBua,wtfnewsamerica,0
JCBua,RhythmOrangutan,0
JCBua,PatriceTruong,0
JCBua,EsmeraldaKiczek,0
JCBua,IntrepidUnivers,0
JCBua,LiveALifeDream1,0
JCBua,kubunubarud,0
JCBua,ShareCatholic,0
JCBua,dogzpp,0
JCBua,verepegogopu,0
JCBua,CatholicsFollow,0
JCBua,Water_Enigma,0
JCBua,MissVicki333,0
JCBua,randi_lewis5,0
JCBua,PlayTheMoveEDM,0
JCBua,BmXi4Jgj__Diha,0
JCBua,houseofcubs,0
JCBua,cerenomri,0
JCBua,lud_jung,0
JCBua,dwbritain,0
JCBua,danagarber59,0
JCBua,LaborIrishDem,0
JCBua,A_M_Perez,0
JCBua,SmithInAmerica,0
JCBua,The_New_Gentry,0
JCBua,BibopGGresta,0
JCBua,TheWorldIn2,0
JCBua,LovingSanders,0
JCBua,jdbloodstone,0
JCBua,jcalvi,0
JCBua,victoriastiles,0
JCBua,Meerakat,0
JCBua,CatSzeltner,0
JCBua,fishborough,0
JCBua,EWTNNewsNightly,0
JCBua,danieljwindham,0
JCBua,MzKeating,0
JCBua,cgpolicyanalyst,0
JCBua,AniaNussbaum,0
JCBua,F2Washington,0
JCBua,TassinCharles,0
JCBua,141418Cotton,0
JCBua,MalcolmAshdown,0
JCBua,mviser,0
JCBua,notmycandidate,0
JCBua,alchemy_destiny,0
JCBua,mfyfe99,0
JCBua,annemariayritys,0
JCBua,samirasonu,0
JCBua,CubanGirlNJ,0
JCBua,ParisPublisher,0
JCBua,FutureWorldHub,0
JCBua,iamjermainew,0
JCBua,Bwdreyer,0
JCBua,iownjd,0
JCBua,henryandspike,0
JCBua,Tiller44,0
JCBua,WillHaskell1,0
JCBua,ArgoJournal,0
JCBua,lindamills62,0
JCBua,VictoriadBurke,0
JCBua,alexq1lab,0
JCBua,alexwhitman,0
JCBua,WebNutshell,0
JCBua,TheAPJournalist,0
JCBua,Marianhouk,0
JCBua,lisadhamija,0
JCBua,ruvin44,0
JCBua,CareerPivot,0
JCBua,SeanBeeson,0
JCBua,BraveLad,0
JCBua,HayyatMalik,0
JCBua,HansMNOS,0
JCBua,MikeSchreiner,0
JCBua,WomenForTrump,0
JCBua,FacultyNetwork,0
JCBua,almarlatour,0
JCBua,Laureroynette,0
JCBua,PaksGallery,0
JCBua,pierretey,0
JCBua,matbeig,0
JCBua,DC_EXPERTS,0
JCBua,mirandan247,0
JCBua,almatyurbanair,0
JCBua,eryaniar,0
JCBua,vits2014,0
JCBua,Jamsearly,0
JCBua,stephanie_drass,0
JCBua,ValuedMerchants,0
JCBua,Bust_Booster,0
GreekAnalyst,iliasmerko,0
GreekAnalyst,sotiris971,0
GreekAnalyst,LantziAngeliki,0
GreekAnalyst,medus_7,0
GreekAnalyst,SCHOINAS,0
GreekAnalyst,intlspectator,0
GreekAnalyst,JPLHoopernt,0
GreekAnalyst,apapape,0
GreekAnalyst,panagiotism41,0
GreekAnalyst,_kamia,0
GreekAnalyst,ifestenelem,0
GreekAnalyst,fedranet,0
GreekAnalyst,aetovouni,0
GreekAnalyst,thaka52,0
GreekAnalyst,mikelesvos,0
GreekAnalyst,ChrisRingas,0
GreekAnalyst,RachVag,0
GreekAnalyst,rosso_nero17,0
GreekAnalyst,Toposbooks,0
GreekAnalyst,nikoshellas1821,0
GreekAnalyst,Lamnidis,0
GreekAnalyst,Mavrogiorgos,0
GreekAnalyst,klhi,0
GreekAnalyst,VoteScotLab,0
GreekAnalyst,mightydubplate,0
GreekAnalyst,advisoranalyst,0
GreekAnalyst,AthensInsiders,0
GreekAnalyst,ODS_MBA,0
GreekAnalyst,fpijoan,0
GreekAnalyst,MartinGreive,0
GreekAnalyst,AthinaGian,0
GreekAnalyst,nickraptis33,0
GreekAnalyst,papadonikk,0
GreekAnalyst,RadoslawSzafarz,0
GreekAnalyst,thised,0
GreekAnalyst,HistoryDean,0
GreekAnalyst,PVasilhs,0
GreekAnalyst,nprepalas,0
GreekAnalyst,cathpain,0
GreekAnalyst,Farnawayinsight,0
GreekAnalyst,skaloumbakas,0
GreekAnalyst,c_tsilopoulos,0
GreekAnalyst,BenLeeNR,0
GreekAnalyst,adrianapapdakis,0
GreekAnalyst,OpadosLogikis,0
GreekAnalyst,elife_myblog,0
GreekAnalyst,harrypotter__pa,0
GreekAnalyst,cartonpro,0
GreekAnalyst,AlexTigg,0
GreekAnalyst,32e41c8db5a84ef,0
GreekAnalyst,AlphaMagistrate,0
GreekAnalyst,amagi_gr,0
GreekAnalyst,EllenGlencairn,0
GreekAnalyst,lluis_sam,0
GreekAnalyst,Bill_Athanasiou,0
GreekAnalyst,Hushtler,0
GreekAnalyst,Efzhn,0
GreekAnalyst,MimiWinther,0
GreekAnalyst,EfraimoglouN,0
GreekAnalyst,postsapientia,0
GreekAnalyst,RevmaProodou,0
GreekAnalyst,kaloupisdimitri,0
GreekAnalyst,SpyrosKorakas,0
GreekAnalyst,meli_kanela,0
GreekAnalyst,Your_Startup,0
GreekAnalyst,Loloflights,0
GreekAnalyst,fartelengelbert,0
GreekAnalyst,AnnetteSuther,0
GreekAnalyst,NikosBessas,0
GreekAnalyst,curegian,0
GreekAnalyst,w9IcmMJmhsnMnax,0
GreekAnalyst,Smaulgld,0
GreekAnalyst,wucker,0
GreekAnalyst,HeyImHoneybeeee,0
GreekAnalyst,malliarokostas,0
GreekAnalyst,EMECONOMOU,0
GreekAnalyst,mkaraklioumi,0
GreekAnalyst,IToufeklis,0
GreekAnalyst,fox_minister,0
GreekAnalyst,anna_tsfg,0
GreekAnalyst,ileontaris,0
GreekAnalyst,a66fm,0
GreekAnalyst,anel06gr,0
GreekAnalyst,Giannis_Virkos,0
GreekAnalyst,Pkorfoxyliotis,0
GreekAnalyst,MassengaleUSMA,0
GreekAnalyst,GeorgeKraniotis,0
GreekAnalyst,ZefiDimadama,0
GreekAnalyst,akambanis,0
GreekAnalyst,AmorosFernanda,0
GreekAnalyst,ariscorfu,0
GreekAnalyst,tolenaki,0
GreekAnalyst,KurdistanJiyane,0
GreekAnalyst,johndory49,0
GreekAnalyst,miltos_a,0
GreekAnalyst,edm_explore,0
GreekAnalyst,OmniCFO,0
GreekAnalyst,ATsiakoulis,0
GreekAnalyst,christinakamma1,0
rowenamason,CateLongworth,0
rowenamason,jrsesq90,0
rowenamason,IanMurrayMP,0
rowenamason,JoBale,0
rowenamason,MTCZ84PHOENIX,0
rowenamason,ebonyandersen,0
rowenamason,ApostropheBooks,0
rowenamason,youmaynotknow_,0
rowenamason,toabhi123,0
rowenamason,TomAnderson_88,0
rowenamason,KateWilson5584,0
rowenamason,ristaPella,0
rowenamason,mjhodgeart,0
rowenamason,EnergyInd2day,0
rowenamason,taylor101990,0
rowenamason,johnmcdonnellMP,0
rowenamason,CliveSmith13,0
rowenamason,CrissieJambo,0
rowenamason,HoratioJimenez,0
rowenamason,valeriebrowne,0
rowenamason,dmochamps,0
rowenamason,marfevans,0
rowenamason,Team_Davryl,0
rowenamason,ymorgang,0
rowenamason,ShnlSlubugh305,0
rowenamason,SteveWCarlson,0
rowenamason,RealGeoffBarton,0
rowenamason,TheHoodedClaw66,0
rowenamason,DarrenKavinoky,0
rowenamason,formazz,0
rowenamason,appgsport,0
rowenamason,prfsn,0
rowenamason,COLLECTaDEBTpro,0
rowenamason,stmunir_,0
rowenamason,dannyjohnri,0
rowenamason,OneFileUK,0
rowenamason,rob_lewis79,0
rowenamason,AmandaRichardTS,0
rowenamason,johnnyvoid,0
rowenamason,AllanMustResign,0
rowenamason,CSANwire,0
rowenamason,em_chan,0
rowenamason,SueAtkins,0
rowenamason,sticledis,0
rowenamason,BengeBarry,0
rowenamason,callypreston,0
rowenamason,mm18754,0
rowenamason,KebabAwards,0
rowenamason,CoPolitique,0
rowenamason,LawrenceS8,0
rowenamason,hansIabyrinth,0
rowenamason,papplegarth1,0
rowenamason,ianblease,0
rowenamason,tashin_hridoy,0
rowenamason,matthewtrainer,0
rowenamason,socialstartnow,0
rowenamason,balkrishnadub,0
rowenamason,Kevin_Newydd,0
rowenamason,Janice4Brexit,0
rowenamason,laurence_gill,0
rowenamason,SeanGMorris,0
rowenamason,CrispinDowler,0
rowenamason,GrahamJones_MP,0
rowenamason,kafkaboots,0
rowenamason,DavidNova2424,0
rowenamason,albanmagic,0
rowenamason,Jarvisob,0
rowenamason,lerpwl,0
rowenamason,andyholler,0
rowenamason,Jasmine,0
rowenamason,CrimBarrister,0
rowenamason,jcoxwriter,0
rowenamason,john4london,0
rowenamason,ArdPad,0
rowenamason,JonnyHolbs,0
rowenamason,SleepSkee,0
rowenamason,AMAnet,0
rowenamason,MShapland,0
rowenamason,marky_rennie,0
rowenamason,John_Davies1927,0
rowenamason,flo_dem,0
rowenamason,albertwallace66,0
rowenamason,GarbageMole,0
rowenamason,KitCollins,0
rowenamason,pharmacocellist,0
rowenamason,earthygirl01,0
rowenamason,lottiedominicz1,0
rowenamason,LHCprocurement,0
rowenamason,eurefday,0
rowenamason,MTEBSltd,0
rowenamason,joenerssessian,0
rowenamason,CharlieCooper8,0
rowenamason,alex_christofi,0
rowenamason,Gelartter,0
rowenamason,verbotenideen,0
rowenamason,Refractory1,0
rowenamason,PocahontasPolly,0
rowenamason,charismaticisms,0
rowenamason,mdmithu25,0
rowenamason,AdamLake,0
colinmclean,AgacEngin,0
colinmclean,jimmymcs1,0
colinmclean,Len_White_,0
colinmclean,Macdonald2Sandy,0
colinmclean,ChellewMax,0
colinmclean,petesbookshelf,0
colinmclean,JensBalle,0
colinmclean,Jeruel_Lua,0
colinmclean,MagnusVieSundal,0
colinmclean,kcampbell_stir,0
colinmclean,9A_ZKA,0
colinmclean,socmrktng,0
colinmclean,DefenceInd2day,0
colinmclean,LolitaVWMIFWI,0
colinmclean,CarbonFinancial,0
colinmclean,PubliVentaVzla,0
colinmclean,publikamos,0
colinmclean,jfbouilly,0
colinmclean,moneybeemel,0
colinmclean,iam_rahuljain,0
colinmclean,sansaha82,0
colinmclean,silvermoon732,0
colinmclean,BanTheBurka9111,0
colinmclean,binishnirmalan,0
colinmclean,kdrcampbell,0
colinmclean,jabrieenhughes1,0
colinmclean,sophicatedroi,0
colinmclean,ZamanArabic,0
colinmclean,hoquoctuan83,0
colinmclean,GoFundYou,0
colinmclean,ThatsAHerndon,0
colinmclean,danielrzasa,0
colinmclean,TomChristensen,0
colinmclean,CoryBurnell,0
colinmclean,Cu2Xq,0
colinmclean,undercovermic,0
colinmclean,svm_asset,0
colinmclean,vankata0808,0
colinmclean,IndustryTap,0
colinmclean,Jessica38176503,0
colinmclean,RobertJenkinsUK,0
colinmclean,GrahamNeary,0
colinmclean,,
