_JimGentile,172635054,#FueraMonsanto,#FueraMonsanto0
_JimGentile,172635054,#FueraMonsanto,#FueraMonsanto0
_JimGentile,172635054,#FueraMonsanto,#FueraMonsanto0
_JimGentile,172635054,#FueraMonsanto,#FueraMonsanto0
_JimGentile,172635054,#FueraMonsanto,#FueraMonsanto0
_JimGentile,172635054,#FueraMonsanto,#FueraMonsanto0
_JimGentile,172635054,#FueraMonsanto,#FueraMonsanto0
_JimGentile,172635054,#FueraMonsanto,#FueraMonsanto0
_JimGentile,172635054,#FueraMonsanto,#FueraMonsanto0
_JimGentile,172635054,#FueraMonsanto,#FueraMonsanto0
_JimGentile,172635054,#FueraMonsanto,#FueraMonsanto0
_JimGentile,172635054,#FueraMonsanto,#FueraMonsanto0
_JimGentile,172635054,#FueraMonsanto,#FueraMonsanto0
_JimGentile,172635054,#FueraMonsanto,#FueraMonsanto0
_JimGentile,172635054,#FueraMonsanto,#FueraMonsanto0
_JimGentile,172635054,#FueraMonsanto,#FueraMonsanto0
_JimGentile,172635054,#FueraMonsanto,#FueraMonsanto0
_JimGentile,172635054,#FueraMonsanto,#FueraMonsanto0
_JimGentile,172635054,#FueraMonsanto,#FueraMonsanto0
_JimGentile,172635054,#FueraMonsanto,#FueraMonsanto0
_JimGentile,172635054,#FueraMonsanto,#FueraMonsanto0
_JimGentile,172635054,#FueraMonsanto,#FueraMonsanto0
_JimGentile,172635054,#FueraMonsanto,#FueraMonsanto0
_JimGentile,172635054,#FueraMonsanto,#FueraMonsanto0
_JimGentile,172635054,#FueraMonsanto,#FueraMonsanto0
_JimGentile,172635054,#FueraMonsanto,#FueraMonsanto0
_JimGentile,172635054,#FueraMonsanto,#FueraMonsanto0
_JimGentile,172635054,#FueraMonsanto,#FueraMonsanto0
_JimGentile,172635054,#FueraMonsanto,#FueraMonsanto0
_JimGentile,172635054,#FueraMonsanto,#FueraMonsanto0
_JimGentile,172635054,#FueraMonsanto,#FueraMonsanto0
_JimGentile,172635054,#FueraMonsanto,#FueraMonsanto0
_JimGentile,172635054,#FueraMonsanto,#FueraMonsanto0
_JimGentile,172635054,#FueraMonsanto,#FueraMonsanto0
_JimGentile,172635054,#FueraMonsanto,#FueraMonsanto0
_JimGentile,172635054,#FueraMonsanto,#FueraMonsanto0
_JimGentile,172635054,#FueraMonsanto,#FueraMonsanto0
_JimGentile,172635054,#FueraMonsanto,#FueraMonsanto0
_JimGentile,172635054,#FueraMonsanto,#FueraMonsanto0
_JimGentile,172635054,#FueraMonsanto,#FueraMonsanto0
_JimGentile,172635054,#FueraMonsanto,#FueraMonsanto0
_JimGentile,172635054,#FueraMonsanto,#FueraMonsanto0
_JimGentile,172635054,#FueraMonsanto,#FueraMonsanto0
_JimGentile,172635054,#FueraMonsanto,#FueraMonsanto0
_JimGentile,172635054,#FueraMonsanto,#FueraMonsanto0
_JimGentile,172635054,#FueraMonsanto,#FueraMonsanto0
_JimGentile,172635054,#FueraMonsanto,#FueraMonsanto0
_JimGentile,172635054,#FueraMonsanto,#FueraMonsanto0
_JimGentile,172635054,#FueraMonsanto,#FueraMonsanto0
_JimGentile,172635054,#FueraMonsanto,#FueraMonsanto0
_JimGentile,172635054,#FueraMonsanto,#FueraMonsanto0
_JimGentile,172635054,#FueraMonsanto,#FueraMonsanto0
_JimGentile,172635054,#FueraMonsanto,#FueraMonsanto0
_JimGentile,172635054,#FueraMonsanto,#FueraMonsanto0
_JimGentile,172635054,#FueraMonsanto,#FueraMonsanto0
_JimGentile,172635054,#FueraMonsanto,#FueraMonsanto0
_JimGentile,172635054,#FueraMonsanto,#FueraMonsanto0
_JimGentile,172635054,#FueraMonsanto,#FueraMonsanto0
_JimGentile,172635054,#FueraMonsanto,#FueraMonsanto0
_JimGentile,172635054,#FueraMonsanto,#FueraMonsanto0
_JimGentile,172635054,#FueraMonsanto,#FueraMonsanto0
_JimGentile,172635054,#FueraMonsanto,#FueraMonsanto0
_JimGentile,172635054,#FueraMonsanto,#FueraMonsanto0
_JimGentile,172635054,#FueraMonsanto,#FueraMonsanto0
_JimGentile,172635054,#FueraMonsanto,#FueraMonsanto0
_JimGentile,172635054,#FueraMonsanto,#FueraMonsanto0
_JimGentile,172635054,#FueraMonsanto,#FueraMonsanto0
_JimGentile,172635054,#FueraMonsanto,#FueraMonsanto0
_JimGentile,172635054,#FueraMonsanto,#FueraMonsanto0
_JimGentile,172635054,#FueraMonsanto,#FueraMonsanto0
_JimGentile,172635054,#FueraMonsanto,#FueraMonsanto0
_JimGentile,172635054,#FueraMonsanto,#FueraMonsanto0
_JimGentile,172635054,#FueraMonsanto,#FueraMonsanto0
_JimGentile,172635054,#FueraMonsanto,#FueraMonsanto0
_JimGentile,172635054,#FueraMonsanto,#FueraMonsanto0
_JimGentile,172635054,#FueraMonsanto,#FueraMonsanto0
_JimGentile,172635054,#FueraMonsanto,#FueraMonsanto0
_JimGentile,172635054,#FueraMonsanto,#FueraMonsanto0
_JimGentile,172635054,#FueraMonsanto,#FueraMonsanto0
_JimGentile,172635054,#FueraMonsanto,#FueraMonsanto0
_JimGentile,172635054,#FueraMonsanto,#FueraMonsanto0
_JimGentile,172635054,#FueraMonsanto,#FueraMonsanto0
_JimGentile,172635054,#FueraMonsanto,#FueraMonsanto0
_JimGentile,172635054,#FueraMonsanto,#FueraMonsanto0
_JimGentile,172635054,#FueraMonsanto,#FueraMonsanto0
_JimGentile,172635054,#FueraMonsanto,#FueraMonsanto0
_JimGentile,172635054,#FueraMonsanto,#FueraMonsanto0
_JimGentile,172635054,#FueraMonsanto,#FueraMonsanto0
_JimGentile,172635054,#FueraMonsanto,#FueraMonsanto0
_JimGentile,172635054,#FueraMonsanto,#FueraMonsanto0
_JimGentile,172635054,#FueraMonsanto,#FueraMonsanto0
_JimGentile,172635054,#FueraMonsanto,#FueraMonsanto0
_JimGentile,172635054,#FueraMonsanto,#FueraMonsanto0
_JimGentile,172635054,#FueraMonsanto,#FueraMonsanto0
_JimGentile,172635054,#FueraMonsanto,#FueraMonsanto0
_JimGentile,172635054,#FueraMonsanto,#FueraMonsanto0
_JimGentile,172635054,...,...0
_JimGentile,172635054,...,...0
_JimGentile,172635054,...,...0
_JimGentile,172635054,...,...0
_JimGentile,172635054,...,...0
_JimGentile,172635054,...,...0
_JimGentile,172635054,...,...0
_JimGentile,172635054,...,...0
_JimGentile,172635054,...,...0
_JimGentile,172635054,...,...0
_JimGentile,172635054,...,...0
_JimGentile,172635054,...,...0
_JimGentile,172635054,...,...0
_JimGentile,172635054,...,...0
_JimGentile,172635054,...,...0
_JimGentile,172635054,...,...0
_JimGentile,172635054,...,...0
_JimGentile,172635054,...,...0
_JimGentile,172635054,...,...0
_JimGentile,172635054,...,...0
_JimGentile,172635054,...,...0
_JimGentile,172635054,...,...0
_JimGentile,172635054,...,...0
_JimGentile,172635054,...,...0
_JimGentile,172635054,...,...0
_JimGentile,172635054,...,...0
_JimGentile,172635054,...,...0
_JimGentile,172635054,...,...0
_JimGentile,172635054,...,...0
_JimGentile,172635054,...,...0
_JimGentile,172635054,...,...0
_JimGentile,172635054,...,...0
_JimGentile,172635054,...,...0
_JimGentile,172635054,...,...0
_JimGentile,172635054,...,...0
_JimGentile,172635054,...,...0
_JimGentile,172635054,...,...0
_JimGentile,172635054,...,...0
_JimGentile,172635054,...,...0
_JimGentile,172635054,...,...0
_JimGentile,172635054,...,...0
_JimGentile,172635054,...,...0
_JimGentile,172635054,...,...0
_JimGentile,172635054,...,...0
_JimGentile,172635054,...,...0
_JimGentile,172635054,...,...0
_JimGentile,172635054,...,...0
_JimGentile,172635054,...,...0
_JimGentile,172635054,...,...0
_JimGentile,172635054,...,...0
_JimGentile,172635054,...,...0
_JimGentile,172635054,...,...0
_JimGentile,172635054,...,...0
_JimGentile,172635054,...,...0
_JimGentile,172635054,...,...0
_JimGentile,172635054,...,...0
_JimGentile,172635054,...,...0
_JimGentile,172635054,...,...0
_JimGentile,172635054,...,...0
_JimGentile,172635054,...,...0
_JimGentile,172635054,...,...0
_JimGentile,172635054,...,...0
_JimGentile,172635054,...,...0
_JimGentile,172635054,...,...0
_JimGentile,172635054,...,...0
_JimGentile,172635054,...,...0
_JimGentile,172635054,...,...0
_JimGentile,172635054,...,...0
_JimGentile,172635054,...,...0
_JimGentile,172635054,...,...0
_JimGentile,172635054,...,...0
_JimGentile,172635054,...,...0
_JimGentile,172635054,...,...0
_JimGentile,172635054,...,...0
_JimGentile,172635054,...,...0
_JimGentile,172635054,...,...0
_JimGentile,172635054,...,...0
_JimGentile,172635054,...,...0
_JimGentile,172635054,...,...0
_JimGentile,172635054,...,...0
_JimGentile,172635054,...,...0
_JimGentile,172635054,...,...0
_JimGentile,172635054,...,...0
_JimGentile,172635054,...,...0
_JimGentile,172635054,...,...0
_JimGentile,172635054,...,...0
_JimGentile,172635054,...,...0
_JimGentile,172635054,...,...0
_JimGentile,172635054,...,...0
_JimGentile,172635054,...,...0
_JimGentile,172635054,...,...0
_JimGentile,172635054,...,...0
_JimGentile,172635054,...,...0
_JimGentile,172635054,...,...0
_JimGentile,172635054,...,...0
_JimGentile,172635054,...,...0
_JimGentile,172635054,?�� ?�� ?��,?�� ?�� ?��0
_JimGentile,172635054,?�� ?�� ?��,?�� ?�� ?��0
_JimGentile,172635054,?�� ?�� ?��,?�� ?�� ?��0
_JimGentile,172635054,?�� ?�� ?��,?�� ?�� ?��0
_JimGentile,172635054,?�� ?�� ?��,?�� ?�� ?��0
_JimGentile,172635054,?�� ?�� ?��,?�� ?�� ?��0
_JimGentile,172635054,?�� ?�� ?��,?�� ?�� ?��0
_JimGentile,172635054,?�� ?�� ?��,?�� ?�� ?��0
_JimGentile,172635054,?�� ?�� ?��,?�� ?�� ?��0
_JimGentile,172635054,?�� ?�� ?��,?�� ?�� ?��0
_JimGentile,172635054,?�� ?�� ?��,?�� ?�� ?��0
_JimGentile,172635054,?�� ?�� ?��,?�� ?�� ?��0
_JimGentile,172635054,?�� ?�� ?��,?�� ?�� ?��0
_JimGentile,172635054,?�� ?�� ?��,?�� ?�� ?��0
_JimGentile,172635054,?�� ?�� ?��,?�� ?�� ?��0
_JimGentile,172635054,?�� ?�� ?��,?�� ?�� ?��0
_JimGentile,172635054,?�� ?�� ?��,?�� ?�� ?��0
_JimGentile,172635054,?�� ?�� ?��,?�� ?�� ?��0
_JimGentile,172635054,?�� ?�� ?��,?�� ?�� ?��0
_JimGentile,172635054,?�� ?�� ?��,?�� ?�� ?��0
_JimGentile,172635054,?�� ?�� ?��,?�� ?�� ?��0
_JimGentile,172635054,?�� ?�� ?��,?�� ?�� ?��0
_JimGentile,172635054,?�� ?�� ?��,?�� ?�� ?��0
_JimGentile,172635054,?�� ?�� ?��,?�� ?�� ?��0
_JimGentile,172635054,?�� ?�� ?��,?�� ?�� ?��0
_JimGentile,172635054,?�� ?�� ?��,?�� ?�� ?��0
_JimGentile,172635054,?�� ?�� ?��,?�� ?�� ?��0
_JimGentile,172635054,?�� ?�� ?��,?�� ?�� ?��0
_JimGentile,172635054,?�� ?�� ?��,?�� ?�� ?��0
_JimGentile,172635054,?�� ?�� ?��,?�� ?�� ?��0
_JimGentile,172635054,?�� ?�� ?��,?�� ?�� ?��0
_JimGentile,172635054,?�� ?�� ?��,?�� ?�� ?��0
_JimGentile,172635054,?�� ?�� ?��,?�� ?�� ?��0
_JimGentile,172635054,?�� ?�� ?��,?�� ?�� ?��0
_JimGentile,172635054,?�� ?�� ?��,?�� ?�� ?��0
_JimGentile,172635054,?�� ?�� ?��,?�� ?�� ?��0
_JimGentile,172635054,?�� ?�� ?��,?�� ?�� ?��0
_JimGentile,172635054,?�� ?�� ?��,?�� ?�� ?��0
_JimGentile,172635054,?�� ?�� ?��,?�� ?�� ?��0
_JimGentile,172635054,?�� ?�� ?��,?�� ?�� ?��0
_JimGentile,172635054,?�� ?�� ?��,?�� ?�� ?��0
_JimGentile,172635054,?�� ?�� ?��,?�� ?�� ?��0
_JimGentile,172635054,?�� ?�� ?��,?�� ?�� ?��0
_JimGentile,172635054,?�� ?�� ?��,?�� ?�� ?��0
_JimGentile,172635054,?�� ?�� ?��,?�� ?�� ?��0
_JimGentile,172635054,?�� ?�� ?��,?�� ?�� ?��0
_JimGentile,172635054,?�� ?�� ?��,?�� ?�� ?��0
_JimGentile,172635054,?�� ?�� ?��,?�� ?�� ?��0
_JimGentile,172635054,?�� ?�� ?��,?�� ?�� ?��0
_JimGentile,172635054,?�� ?�� ?��,?�� ?�� ?��0
_JimGentile,172635054,?�� ?�� ?��,?�� ?�� ?��0
_JimGentile,172635054,?�� ?�� ?��,?�� ?�� ?��0
_JimGentile,172635054,?�� ?�� ?��,?�� ?�� ?��0
_JimGentile,172635054,?�� ?�� ?��,?�� ?�� ?��0
_JimGentile,172635054,?�� ?�� ?��,?�� ?�� ?��0
_JimGentile,172635054,?�� ?�� ?��,?�� ?�� ?��0
_JimGentile,172635054,?�� ?�� ?��,?�� ?�� ?��0
_JimGentile,172635054,?�� ?�� ?��,?�� ?�� ?��0
_JimGentile,172635054,?�� ?�� ?��,?�� ?�� ?��0
_JimGentile,172635054,?�� ?�� ?��,?�� ?�� ?��0
_JimGentile,172635054,?�� ?�� ?��,?�� ?�� ?��0
_JimGentile,172635054,?�� ?�� ?��,?�� ?�� ?��0
_JimGentile,172635054,?�� ?�� ?��,?�� ?�� ?��0
_JimGentile,172635054,?�� ?�� ?��,?�� ?�� ?��0
_JimGentile,172635054,?�� ?�� ?��,?�� ?�� ?��0
_JimGentile,172635054,?�� ?�� ?��,?�� ?�� ?��0
_JimGentile,172635054,?�� ?�� ?��,?�� ?�� ?��0
_JimGentile,172635054,?�� ?�� ?��,?�� ?�� ?��0
_JimGentile,172635054,?�� ?�� ?��,?�� ?�� ?��0
_JimGentile,172635054,?�� ?�� ?��,?�� ?�� ?��0
_JimGentile,172635054,?�� ?�� ?��,?�� ?�� ?��0
_JimGentile,172635054,?�� ?�� ?��,?�� ?�� ?��0
_JimGentile,172635054,?�� ?�� ?��,?�� ?�� ?��0
_JimGentile,172635054,?�� ?�� ?��,?�� ?�� ?��0
_JimGentile,172635054,?�� ?�� ?��,?�� ?�� ?��0
_JimGentile,172635054,?�� ?�� ?��,?�� ?�� ?��0
_JimGentile,172635054,?�� ?�� ?��,?�� ?�� ?��0
_JimGentile,172635054,?�� ?�� ?��,?�� ?�� ?��0
_JimGentile,172635054,?�� ?�� ?��,?�� ?�� ?��0
_JimGentile,172635054,?�� ?�� ?��,?�� ?�� ?��0
_JimGentile,172635054,?�� ?�� ?��,?�� ?�� ?��0
_JimGentile,172635054,?�� ?�� ?��,?�� ?�� ?��0
_JimGentile,172635054,?�� ?�� ?��,?�� ?�� ?��0
_JimGentile,172635054,?�� ?�� ?��,?�� ?�� ?��0
_JimGentile,172635054,?�� ?�� ?��,?�� ?�� ?��0
_JimGentile,172635054,?�� ?�� ?��,?�� ?�� ?��0
_JimGentile,172635054,?�� ?�� ?��,?�� ?�� ?��0
_JimGentile,172635054,?�� ?�� ?��,?�� ?�� ?��0
_JimGentile,172635054,?�� ?�� ?��,?�� ?�� ?��0
_JimGentile,172635054,?�� ?�� ?��,?�� ?�� ?��0
_JimGentile,172635054,?�� ?�� ?��,?�� ?�� ?��0
_JimGentile,172635054,?�� ?�� ?��,?�� ?�� ?��0
_JimGentile,172635054,?�� ?�� ?��,?�� ?�� ?��0
_JimGentile,172635054,?�� ?�� ?��,?�� ?�� ?��0
_JimGentile,172635054,?�� ?�� ?��,?�� ?�� ?��0
_JimGentile,172635054,?�� ?�� ?��,?�� ?�� ?��0
_JimGentile,172635054,?�?�?�?� ?�?�???�???�?�?�,?�?�?�?� ?�?�???�???�?�?�0
_JimGentile,172635054,?�?�?�?� ?�?�???�???�?�?�,?�?�?�?� ?�?�???�???�?�?�0
_JimGentile,172635054,?�?�?�?� ?�?�???�???�?�?�,?�?�?�?� ?�?�???�???�?�?�0
_JimGentile,172635054,?�?�?�?� ?�?�???�???�?�?�,?�?�?�?� ?�?�???�???�?�?�0
_JimGentile,172635054,?�?�?�?� ?�?�???�???�?�?�,?�?�?�?� ?�?�???�???�?�?�0
_JimGentile,172635054,?�?�?�?� ?�?�???�???�?�?�,?�?�?�?� ?�?�???�???�?�?�0
_JimGentile,172635054,?�?�?�?� ?�?�???�???�?�?�,?�?�?�?� ?�?�???�???�?�?�0
_JimGentile,172635054,?�?�?�?� ?�?�???�???�?�?�,?�?�?�?� ?�?�???�???�?�?�0
_JimGentile,172635054,?�?�?�?� ?�?�???�???�?�?�,?�?�?�?� ?�?�???�???�?�?�0
_JimGentile,172635054,?�?�?�?� ?�?�???�???�?�?�,?�?�?�?� ?�?�???�???�?�?�0
_JimGentile,172635054,?�?�?�?� ?�?�???�???�?�?�,?�?�?�?� ?�?�???�???�?�?�0
_JimGentile,172635054,?�?�?�?� ?�?�???�???�?�?�,?�?�?�?� ?�?�???�???�?�?�0
_JimGentile,172635054,?�?�?�?� ?�?�???�???�?�?�,?�?�?�?� ?�?�???�???�?�?�0
_JimGentile,172635054,?�?�?�?� ?�?�???�???�?�?�,?�?�?�?� ?�?�???�???�?�?�0
_JimGentile,172635054,?�?�?�?� ?�?�???�???�?�?�,?�?�?�?� ?�?�???�???�?�?�0
_JimGentile,172635054,?�?�?�?� ?�?�???�???�?�?�,?�?�?�?� ?�?�???�???�?�?�0
_JimGentile,172635054,?�?�?�?� ?�?�???�???�?�?�,?�?�?�?� ?�?�???�???�?�?�0
_JimGentile,172635054,?�?�?�?� ?�?�???�???�?�?�,?�?�?�?� ?�?�???�???�?�?�0
_JimGentile,172635054,?�?�?�?� ?�?�???�???�?�?�,?�?�?�?� ?�?�???�???�?�?�0
_JimGentile,172635054,?�?�?�?� ?�?�???�???�?�?�,?�?�?�?� ?�?�???�???�?�?�0
_JimGentile,172635054,?�?�?�?� ?�?�???�???�?�?�,?�?�?�?� ?�?�???�???�?�?�0
_JimGentile,172635054,?�?�?�?� ?�?�???�???�?�?�,?�?�?�?� ?�?�???�???�?�?�0
_JimGentile,172635054,?�?�?�?� ?�?�???�???�?�?�,?�?�?�?� ?�?�???�???�?�?�0
_JimGentile,172635054,?�?�?�?� ?�?�???�???�?�?�,?�?�?�?� ?�?�???�???�?�?�0
_JimGentile,172635054,?�?�?�?� ?�?�???�???�?�?�,?�?�?�?� ?�?�???�???�?�?�0
_JimGentile,172635054,?�?�?�?� ?�?�???�???�?�?�,?�?�?�?� ?�?�???�???�?�?�0
_JimGentile,172635054,?�?�?�?� ?�?�???�???�?�?�,?�?�?�?� ?�?�???�???�?�?�0
_JimGentile,172635054,?�?�?�?� ?�?�???�???�?�?�,?�?�?�?� ?�?�???�???�?�?�0
_JimGentile,172635054,?�?�?�?� ?�?�???�???�?�?�,?�?�?�?� ?�?�???�???�?�?�0
_JimGentile,172635054,?�?�?�?� ?�?�???�???�?�?�,?�?�?�?� ?�?�???�???�?�?�0
_JimGentile,172635054,?�?�?�?� ?�?�???�???�?�?�,?�?�?�?� ?�?�???�???�?�?�0
_JimGentile,172635054,?�?�?�?� ?�?�???�???�?�?�,?�?�?�?� ?�?�???�???�?�?�0
_JimGentile,172635054,?�?�?�?� ?�?�???�???�?�?�,?�?�?�?� ?�?�???�???�?�?�0
_JimGentile,172635054,?�?�?�?� ?�?�???�???�?�?�,?�?�?�?� ?�?�???�???�?�?�0
_JimGentile,172635054,?�?�?�?� ?�?�???�???�?�?�,?�?�?�?� ?�?�???�???�?�?�0
_JimGentile,172635054,?�?�?�?� ?�?�???�???�?�?�,?�?�?�?� ?�?�???�???�?�?�0
_JimGentile,172635054,?�?�?�?� ?�?�???�???�?�?�,?�?�?�?� ?�?�???�???�?�?�0
_JimGentile,172635054,?�?�?�?� ?�?�???�???�?�?�,?�?�?�?� ?�?�???�???�?�?�0
_JimGentile,172635054,?�?�?�?� ?�?�???�???�?�?�,?�?�?�?� ?�?�???�???�?�?�0
_JimGentile,172635054,?�?�?�?� ?�?�???�???�?�?�,?�?�?�?� ?�?�???�???�?�?�0
_JimGentile,172635054,?�?�?�?� ?�?�???�???�?�?�,?�?�?�?� ?�?�???�???�?�?�0
_JimGentile,172635054,?�?�?�?� ?�?�???�???�?�?�,?�?�?�?� ?�?�???�???�?�?�0
_JimGentile,172635054,?�?�?�?� ?�?�???�???�?�?�,?�?�?�?� ?�?�???�???�?�?�0
_JimGentile,172635054,?�?�?�?� ?�?�???�???�?�?�,?�?�?�?� ?�?�???�???�?�?�0
_JimGentile,172635054,?�?�?�?� ?�?�???�???�?�?�,?�?�?�?� ?�?�???�???�?�?�0
_JimGentile,172635054,?�?�?�?� ?�?�???�???�?�?�,?�?�?�?� ?�?�???�???�?�?�0
_JimGentile,172635054,?�?�?�?� ?�?�???�???�?�?�,?�?�?�?� ?�?�???�???�?�?�0
_JimGentile,172635054,?�?�?�?� ?�?�???�???�?�?�,?�?�?�?� ?�?�???�???�?�?�0
_JimGentile,172635054,?�?�?�?� ?�?�???�???�?�?�,?�?�?�?� ?�?�???�???�?�?�0
_JimGentile,172635054,?�?�?�?� ?�?�???�???�?�?�,?�?�?�?� ?�?�???�???�?�?�0
_JimGentile,172635054,?�?�?�?� ?�?�???�???�?�?�,?�?�?�?� ?�?�???�???�?�?�0
_JimGentile,172635054,?�?�?�?� ?�?�???�???�?�?�,?�?�?�?� ?�?�???�???�?�?�0
_JimGentile,172635054,?�?�?�?� ?�?�???�???�?�?�,?�?�?�?� ?�?�???�???�?�?�0
_JimGentile,172635054,?�?�?�?� ?�?�???�???�?�?�,?�?�?�?� ?�?�???�???�?�?�0
_JimGentile,172635054,?�?�?�?� ?�?�???�???�?�?�,?�?�?�?� ?�?�???�???�?�?�0
_JimGentile,172635054,?�?�?�?� ?�?�???�???�?�?�,?�?�?�?� ?�?�???�???�?�?�0
_JimGentile,172635054,?�?�?�?� ?�?�???�???�?�?�,?�?�?�?� ?�?�???�???�?�?�0
_JimGentile,172635054,?�?�?�?� ?�?�???�???�?�?�,?�?�?�?� ?�?�???�???�?�?�0
_JimGentile,172635054,?�?�?�?� ?�?�???�???�?�?�,?�?�?�?� ?�?�???�???�?�?�0
_JimGentile,172635054,?�?�?�?� ?�?�???�???�?�?�,?�?�?�?� ?�?�???�???�?�?�0
_JimGentile,172635054,?�?�?�?� ?�?�???�???�?�?�,?�?�?�?� ?�?�???�???�?�?�0
_JimGentile,172635054,?�?�?�?� ?�?�???�???�?�?�,?�?�?�?� ?�?�???�???�?�?�0
_JimGentile,172635054,?�?�?�?� ?�?�???�???�?�?�,?�?�?�?� ?�?�???�???�?�?�0
_JimGentile,172635054,?�?�?�?� ?�?�???�???�?�?�,?�?�?�?� ?�?�???�???�?�?�0
_JimGentile,172635054,?�?�?�?� ?�?�???�???�?�?�,?�?�?�?� ?�?�???�???�?�?�0
_JimGentile,172635054,?�?�?�?� ?�?�???�???�?�?�,?�?�?�?� ?�?�???�???�?�?�0
_JimGentile,172635054,?�?�?�?� ?�?�???�???�?�?�,?�?�?�?� ?�?�???�???�?�?�0
_JimGentile,172635054,?�?�?�?� ?�?�???�???�?�?�,?�?�?�?� ?�?�???�???�?�?�0
_JimGentile,172635054,?�?�?�?� ?�?�???�???�?�?�,?�?�?�?� ?�?�???�???�?�?�0
_JimGentile,172635054,?�?�?�?� ?�?�???�???�?�?�,?�?�?�?� ?�?�???�???�?�?�0
_JimGentile,172635054,?�?�?�?� ?�?�???�???�?�?�,?�?�?�?� ?�?�???�???�?�?�0
_JimGentile,172635054,?�?�?�?� ?�?�???�???�?�?�,?�?�?�?� ?�?�???�???�?�?�0
_JimGentile,172635054,?�?�?�?� ?�?�???�???�?�?�,?�?�?�?� ?�?�???�???�?�?�0
_JimGentile,172635054,?�?�?�?� ?�?�???�???�?�?�,?�?�?�?� ?�?�???�???�?�?�0
_JimGentile,172635054,?�?�?�?� ?�?�???�???�?�?�,?�?�?�?� ?�?�???�???�?�?�0
_JimGentile,172635054,?�?�?�?� ?�?�???�???�?�?�,?�?�?�?� ?�?�???�???�?�?�0
_JimGentile,172635054,?�?�?�?� ?�?�???�???�?�?�,?�?�?�?� ?�?�???�???�?�?�0
_JimGentile,172635054,?�?�?�?� ?�?�???�???�?�?�,?�?�?�?� ?�?�???�???�?�?�0
_JimGentile,172635054,?�?�?�?� ?�?�???�???�?�?�,?�?�?�?� ?�?�???�???�?�?�0
_JimGentile,172635054,?�?�?�?� ?�?�???�???�?�?�,?�?�?�?� ?�?�???�???�?�?�0
_JimGentile,172635054,?�?�?�?� ?�?�???�???�?�?�,?�?�?�?� ?�?�???�???�?�?�0
_JimGentile,172635054,?�?�?�?� ?�?�???�???�?�?�,?�?�?�?� ?�?�???�???�?�?�0
_JimGentile,172635054,?�?�?�?� ?�?�???�???�?�?�,?�?�?�?� ?�?�???�???�?�?�0
_JimGentile,172635054,?�?�?�?� ?�?�???�???�?�?�,?�?�?�?� ?�?�???�???�?�?�0
_JimGentile,172635054,?�?�?�?� ?�?�???�???�?�?�,?�?�?�?� ?�?�???�???�?�?�0
_JimGentile,172635054,?�?�?�?� ?�?�???�???�?�?�,?�?�?�?� ?�?�???�???�?�?�0
_JimGentile,172635054,?�?�?�?� ?�?�???�???�?�?�,?�?�?�?� ?�?�???�???�?�?�0
_JimGentile,172635054,?�?�?�?� ?�?�???�???�?�?�,?�?�?�?� ?�?�???�???�?�?�0
_JimGentile,172635054,?�?�?�?� ?�?�???�???�?�?�,?�?�?�?� ?�?�???�???�?�?�0
_JimGentile,172635054,?�?�?�?� ?�?�???�???�?�?�,?�?�?�?� ?�?�???�???�?�?�0
_JimGentile,172635054,?�?�?�?� ?�?�???�???�?�?�,?�?�?�?� ?�?�???�???�?�?�0
_JimGentile,172635054,?�?�?�?� ?�?�???�???�?�?�,?�?�?�?� ?�?�???�???�?�?�0
_JimGentile,172635054,?�?�?�?� ?�?�???�???�?�?�,?�?�?�?� ?�?�???�???�?�?�0
_JimGentile,172635054,?�?�?�?� ?�?�???�???�?�?�,?�?�?�?� ?�?�???�???�?�?�0
_JimGentile,172635054,?�?�?�?� ?�?�???�???�?�?�,?�?�?�?� ?�?�???�???�?�?�0
_JimGentile,172635054,?�?�?�?� ?�?�???�???�?�?�,?�?�?�?� ?�?�???�???�?�?�0
_JimGentile,172635054,?�???�?�,?�???�?�0
_JimGentile,172635054,?�???�?�,?�???�?�0
_JimGentile,172635054,?�???�?�,?�???�?�0
_JimGentile,172635054,?�???�?�,?�???�?�0
_JimGentile,172635054,?�???�?�,?�???�?�0
_JimGentile,172635054,?�???�?�,?�???�?�0
_JimGentile,172635054,?�???�?�,?�???�?�0
_JimGentile,172635054,?�???�?�,?�???�?�0
_JimGentile,172635054,?�???�?�,?�???�?�0
_JimGentile,172635054,?�???�?�,?�???�?�0
_JimGentile,172635054,?�???�?�,?�???�?�0
_JimGentile,172635054,?�???�?�,?�???�?�0
_JimGentile,172635054,?�???�?�,?�???�?�0
_JimGentile,172635054,?�???�?�,?�???�?�0
_JimGentile,172635054,?�???�?�,?�???�?�0
_JimGentile,172635054,?�???�?�,?�???�?�0
_JimGentile,172635054,?�???�?�,?�???�?�0
_JimGentile,172635054,?�???�?�,?�???�?�0
_JimGentile,172635054,?�???�?�,?�???�?�0
_JimGentile,172635054,?�???�?�,?�???�?�0
_JimGentile,172635054,?�???�?�,?�???�?�0
_JimGentile,172635054,?�???�?�,?�???�?�0
_JimGentile,172635054,?�???�?�,?�???�?�0
_JimGentile,172635054,?�???�?�,?�???�?�0
_JimGentile,172635054,?�???�?�,?�???�?�0
_JimGentile,172635054,?�???�?�,?�???�?�0
_JimGentile,172635054,?�???�?�,?�???�?�0
_JimGentile,172635054,?�???�?�,?�???�?�0
_JimGentile,172635054,?�???�?�,?�???�?�0
_JimGentile,172635054,?�???�?�,?�???�?�0
_JimGentile,172635054,?�???�?�,?�???�?�0
_JimGentile,172635054,?�???�?�,?�???�?�0
_JimGentile,172635054,?�???�?�,?�???�?�0
_JimGentile,172635054,?�???�?�,?�???�?�0
_JimGentile,172635054,?�???�?�,?�???�?�0
_JimGentile,172635054,?�???�?�,?�???�?�0
_JimGentile,172635054,?�???�?�,?�???�?�0
_JimGentile,172635054,?�???�?�,?�???�?�0
_JimGentile,172635054,?�???�?�,?�???�?�0
_JimGentile,172635054,?�???�?�,?�???�?�0
_JimGentile,172635054,?�???�?�,?�???�?�0
_JimGentile,172635054,?�???�?�,?�???�?�0
_JimGentile,172635054,?�???�?�,?�???�?�0
_JimGentile,172635054,?�???�?�,?�???�?�0
_JimGentile,172635054,?�???�?�,?�???�?�0
_JimGentile,172635054,?�???�?�,?�???�?�0
_JimGentile,172635054,?�???�?�,?�???�?�0
_JimGentile,172635054,?�???�?�,?�???�?�0
_JimGentile,172635054,?�???�?�,?�???�?�0
_JimGentile,172635054,?�???�?�,?�???�?�0
_JimGentile,172635054,?�???�?�,?�???�?�0
_JimGentile,172635054,?�???�?�,?�???�?�0
_JimGentile,172635054,?�???�?�,?�???�?�0
_JimGentile,172635054,?�???�?�,?�???�?�0
_JimGentile,172635054,?�???�?�,?�???�?�0
_JimGentile,172635054,?�???�?�,?�???�?�0
_JimGentile,172635054,?�???�?�,?�???�?�0
_JimGentile,172635054,?�???�?�,?�???�?�0
_JimGentile,172635054,?�???�?�,?�???�?�0
_JimGentile,172635054,?�???�?�,?�???�?�0
_JimGentile,172635054,?�???�?�,?�???�?�0
_JimGentile,172635054,?�???�?�,?�???�?�0
_JimGentile,172635054,?�???�?�,?�???�?�0
_JimGentile,172635054,?�???�?�,?�???�?�0
_JimGentile,172635054,?�???�?�,?�???�?�0
_JimGentile,172635054,?�???�?�,?�???�?�0
_JimGentile,172635054,?�???�?�,?�???�?�0
_JimGentile,172635054,?�???�?�,?�???�?�0
_JimGentile,172635054,?�???�?�,?�???�?�0
_JimGentile,172635054,?�???�?�,?�???�?�0
_JimGentile,172635054,?�???�?�,?�???�?�0
_JimGentile,172635054,?�???�?�,?�???�?�0
_JimGentile,172635054,?�???�?�,?�???�?�0
_JimGentile,172635054,?�???�?�,?�???�?�0
_JimGentile,172635054,?�???�?�,?�???�?�0
_JimGentile,172635054,?�???�?�,?�???�?�0
_JimGentile,172635054,?�???�?�,?�???�?�0
_JimGentile,172635054,?�???�?�,?�???�?�0
_JimGentile,172635054,?�???�?�,?�???�?�0
_JimGentile,172635054,?�???�?�,?�???�?�0
_JimGentile,172635054,?�???�?�,?�???�?�0
_JimGentile,172635054,?�???�?�,?�???�?�0
_JimGentile,172635054,?�???�?�,?�???�?�0
_JimGentile,172635054,?�???�?�,?�???�?�0
_JimGentile,172635054,?�???�?�,?�???�?�0
_JimGentile,172635054,?�???�?�,?�???�?�0
_JimGentile,172635054,?�???�?�,?�???�?�0
_JimGentile,172635054,?�???�?�,?�???�?�0
_JimGentile,172635054,?�???�?�,?�???�?�0
_JimGentile,172635054,?�???�?�,?�???�?�0
_JimGentile,172635054,?�???�?�,?�???�?�0
_JimGentile,172635054,?�???�?�,?�???�?�0
_JimGentile,172635054,?�???�?�,?�???�?�0
_JimGentile,172635054,?�???�?�,?�???�?�0
_JimGentile,172635054,?�???�?�,?�???�?�0
_JimGentile,172635054,?�???�?�,?�???�?�0
_JimGentile,172635054,?�?????� ?????�?� ?�?�?�?�?�1M,?�?????� ?????�?� ?�?�?�?�?�1M0
_JimGentile,172635054,?�?????� ?????�?� ?�?�?�?�?�1M,?�?????� ?????�?� ?�?�?�?�?�1M0
_JimGentile,172635054,?�?????� ?????�?� ?�?�?�?�?�1M,?�?????� ?????�?� ?�?�?�?�?�1M0
_JimGentile,172635054,?�?????� ?????�?� ?�?�?�?�?�1M,?�?????� ?????�?� ?�?�?�?�?�1M0
_JimGentile,172635054,?�?????� ?????�?� ?�?�?�?�?�1M,?�?????� ?????�?� ?�?�?�?�?�1M0
_JimGentile,172635054,?�?????� ?????�?� ?�?�?�?�?�1M,?�?????� ?????�?� ?�?�?�?�?�1M0
_JimGentile,172635054,?�?????� ?????�?� ?�?�?�?�?�1M,?�?????� ?????�?� ?�?�?�?�?�1M0
_JimGentile,172635054,?�?????� ?????�?� ?�?�?�?�?�1M,?�?????� ?????�?� ?�?�?�?�?�1M0
_JimGentile,172635054,?�?????� ?????�?� ?�?�?�?�?�1M,?�?????� ?????�?� ?�?�?�?�?�1M0
_JimGentile,172635054,?�?????� ?????�?� ?�?�?�?�?�1M,?�?????� ?????�?� ?�?�?�?�?�1M0
_JimGentile,172635054,?�?????� ?????�?� ?�?�?�?�?�1M,?�?????� ?????�?� ?�?�?�?�?�1M0
_JimGentile,172635054,?�?????� ?????�?� ?�?�?�?�?�1M,?�?????� ?????�?� ?�?�?�?�?�1M0
_JimGentile,172635054,?�?????� ?????�?� ?�?�?�?�?�1M,?�?????� ?????�?� ?�?�?�?�?�1M0
_JimGentile,172635054,?�?????� ?????�?� ?�?�?�?�?�1M,?�?????� ?????�?� ?�?�?�?�?�1M0
_JimGentile,172635054,?�?????� ?????�?� ?�?�?�?�?�1M,?�?????� ?????�?� ?�?�?�?�?�1M0
_JimGentile,172635054,?�?????� ?????�?� ?�?�?�?�?�1M,?�?????� ?????�?� ?�?�?�?�?�1M0
_JimGentile,172635054,?�?????� ?????�?� ?�?�?�?�?�1M,?�?????� ?????�?� ?�?�?�?�?�1M0
_JimGentile,172635054,?�?????� ?????�?� ?�?�?�?�?�1M,?�?????� ?????�?� ?�?�?�?�?�1M0
_JimGentile,172635054,?�?????� ?????�?� ?�?�?�?�?�1M,?�?????� ?????�?� ?�?�?�?�?�1M0
_JimGentile,172635054,?�?????� ?????�?� ?�?�?�?�?�1M,?�?????� ?????�?� ?�?�?�?�?�1M0
_JimGentile,172635054,?�?????� ?????�?� ?�?�?�?�?�1M,?�?????� ?????�?� ?�?�?�?�?�1M0
_JimGentile,172635054,?�?????� ?????�?� ?�?�?�?�?�1M,?�?????� ?????�?� ?�?�?�?�?�1M0
_JimGentile,172635054,?�?????� ?????�?� ?�?�?�?�?�1M,?�?????� ?????�?� ?�?�?�?�?�1M0
_JimGentile,172635054,?�?????� ?????�?� ?�?�?�?�?�1M,?�?????� ?????�?� ?�?�?�?�?�1M0
_JimGentile,172635054,?�?????� ?????�?� ?�?�?�?�?�1M,?�?????� ?????�?� ?�?�?�?�?�1M0
_JimGentile,172635054,?�?????� ?????�?� ?�?�?�?�?�1M,?�?????� ?????�?� ?�?�?�?�?�1M0
_JimGentile,172635054,?�?????� ?????�?� ?�?�?�?�?�1M,?�?????� ?????�?� ?�?�?�?�?�1M0
_JimGentile,172635054,?�?????� ?????�?� ?�?�?�?�?�1M,?�?????� ?????�?� ?�?�?�?�?�1M0
_JimGentile,172635054,?�?????� ?????�?� ?�?�?�?�?�1M,?�?????� ?????�?� ?�?�?�?�?�1M0
_JimGentile,172635054,?�?????� ?????�?� ?�?�?�?�?�1M,?�?????� ?????�?� ?�?�?�?�?�1M0
_JimGentile,172635054,?�?????� ?????�?� ?�?�?�?�?�1M,?�?????� ?????�?� ?�?�?�?�?�1M0
_JimGentile,172635054,?�?????� ?????�?� ?�?�?�?�?�1M,?�?????� ?????�?� ?�?�?�?�?�1M0
_JimGentile,172635054,?�?????� ?????�?� ?�?�?�?�?�1M,?�?????� ?????�?� ?�?�?�?�?�1M0
_JimGentile,172635054,?�?????� ?????�?� ?�?�?�?�?�1M,?�?????� ?????�?� ?�?�?�?�?�1M0
_JimGentile,172635054,?�?????� ?????�?� ?�?�?�?�?�1M,?�?????� ?????�?� ?�?�?�?�?�1M0
_JimGentile,172635054,?�?????� ?????�?� ?�?�?�?�?�1M,?�?????� ?????�?� ?�?�?�?�?�1M0
_JimGentile,172635054,?�?????� ?????�?� ?�?�?�?�?�1M,?�?????� ?????�?� ?�?�?�?�?�1M0
_JimGentile,172635054,?�?????� ?????�?� ?�?�?�?�?�1M,?�?????� ?????�?� ?�?�?�?�?�1M0
_JimGentile,172635054,?�?????� ?????�?� ?�?�?�?�?�1M,?�?????� ?????�?� ?�?�?�?�?�1M0
_JimGentile,172635054,?�?????� ?????�?� ?�?�?�?�?�1M,?�?????� ?????�?� ?�?�?�?�?�1M0
_JimGentile,172635054,?�?????� ?????�?� ?�?�?�?�?�1M,?�?????� ?????�?� ?�?�?�?�?�1M0
_JimGentile,172635054,?�?????� ?????�?� ?�?�?�?�?�1M,?�?????� ?????�?� ?�?�?�?�?�1M0
_JimGentile,172635054,?�?????� ?????�?� ?�?�?�?�?�1M,?�?????� ?????�?� ?�?�?�?�?�1M0
_JimGentile,172635054,?�?????� ?????�?� ?�?�?�?�?�1M,?�?????� ?????�?� ?�?�?�?�?�1M0
_JimGentile,172635054,?�?????� ?????�?� ?�?�?�?�?�1M,?�?????� ?????�?� ?�?�?�?�?�1M0
_JimGentile,172635054,?�?????� ?????�?� ?�?�?�?�?�1M,?�?????� ?????�?� ?�?�?�?�?�1M0
_JimGentile,172635054,?�?????� ?????�?� ?�?�?�?�?�1M,?�?????� ?????�?� ?�?�?�?�?�1M0
_JimGentile,172635054,?�?????� ?????�?� ?�?�?�?�?�1M,?�?????� ?????�?� ?�?�?�?�?�1M0
_JimGentile,172635054,?�?????� ?????�?� ?�?�?�?�?�1M,?�?????� ?????�?� ?�?�?�?�?�1M0
_JimGentile,172635054,?�?????� ?????�?� ?�?�?�?�?�1M,?�?????� ?????�?� ?�?�?�?�?�1M0
_JimGentile,172635054,?�?????� ?????�?� ?�?�?�?�?�1M,?�?????� ?????�?� ?�?�?�?�?�1M0
_JimGentile,172635054,?�?????� ?????�?� ?�?�?�?�?�1M,?�?????� ?????�?� ?�?�?�?�?�1M0
_JimGentile,172635054,?�?????� ?????�?� ?�?�?�?�?�1M,?�?????� ?????�?� ?�?�?�?�?�1M0
_JimGentile,172635054,?�?????� ?????�?� ?�?�?�?�?�1M,?�?????� ?????�?� ?�?�?�?�?�1M0
_JimGentile,172635054,?�?????� ?????�?� ?�?�?�?�?�1M,?�?????� ?????�?� ?�?�?�?�?�1M0
_JimGentile,172635054,?�?????� ?????�?� ?�?�?�?�?�1M,?�?????� ?????�?� ?�?�?�?�?�1M0
_JimGentile,172635054,?�?????� ?????�?� ?�?�?�?�?�1M,?�?????� ?????�?� ?�?�?�?�?�1M0
_JimGentile,172635054,?�?????� ?????�?� ?�?�?�?�?�1M,?�?????� ?????�?� ?�?�?�?�?�1M0
_JimGentile,172635054,?�?????� ?????�?� ?�?�?�?�?�1M,?�?????� ?????�?� ?�?�?�?�?�1M0
_JimGentile,172635054,?�?????� ?????�?� ?�?�?�?�?�1M,?�?????� ?????�?� ?�?�?�?�?�1M0
_JimGentile,172635054,?�?????� ?????�?� ?�?�?�?�?�1M,?�?????� ?????�?� ?�?�?�?�?�1M0
_JimGentile,172635054,?�?????� ?????�?� ?�?�?�?�?�1M,?�?????� ?????�?� ?�?�?�?�?�1M0
_JimGentile,172635054,?�?????� ?????�?� ?�?�?�?�?�1M,?�?????� ?????�?� ?�?�?�?�?�1M0
_JimGentile,172635054,?�?????� ?????�?� ?�?�?�?�?�1M,?�?????� ?????�?� ?�?�?�?�?�1M0
_JimGentile,172635054,?�?????� ?????�?� ?�?�?�?�?�1M,?�?????� ?????�?� ?�?�?�?�?�1M0
_JimGentile,172635054,?�?????� ?????�?� ?�?�?�?�?�1M,?�?????� ?????�?� ?�?�?�?�?�1M0
_JimGentile,172635054,?�?????� ?????�?� ?�?�?�?�?�1M,?�?????� ?????�?� ?�?�?�?�?�1M0
_JimGentile,172635054,?�?????� ?????�?� ?�?�?�?�?�1M,?�?????� ?????�?� ?�?�?�?�?�1M0
_JimGentile,172635054,?�?????� ?????�?� ?�?�?�?�?�1M,?�?????� ?????�?� ?�?�?�?�?�1M0
_JimGentile,172635054,?�?????� ?????�?� ?�?�?�?�?�1M,?�?????� ?????�?� ?�?�?�?�?�1M0
_JimGentile,172635054,?�?????� ?????�?� ?�?�?�?�?�1M,?�?????� ?????�?� ?�?�?�?�?�1M0
_JimGentile,172635054,?�?????� ?????�?� ?�?�?�?�?�1M,?�?????� ?????�?� ?�?�?�?�?�1M0
_JimGentile,172635054,?�?????� ?????�?� ?�?�?�?�?�1M,?�?????� ?????�?� ?�?�?�?�?�1M0
_JimGentile,172635054,?�?????� ?????�?� ?�?�?�?�?�1M,?�?????� ?????�?� ?�?�?�?�?�1M0
_JimGentile,172635054,?�?????� ?????�?� ?�?�?�?�?�1M,?�?????� ?????�?� ?�?�?�?�?�1M0
_JimGentile,172635054,?�?????� ?????�?� ?�?�?�?�?�1M,?�?????� ?????�?� ?�?�?�?�?�1M0
_JimGentile,172635054,?�?????� ?????�?� ?�?�?�?�?�1M,?�?????� ?????�?� ?�?�?�?�?�1M0
_JimGentile,172635054,?�?????� ?????�?� ?�?�?�?�?�1M,?�?????� ?????�?� ?�?�?�?�?�1M0
_JimGentile,172635054,?�?????� ?????�?� ?�?�?�?�?�1M,?�?????� ?????�?� ?�?�?�?�?�1M0
_JimGentile,172635054,?�?????� ?????�?� ?�?�?�?�?�1M,?�?????� ?????�?� ?�?�?�?�?�1M0
_JimGentile,172635054,?�?????� ?????�?� ?�?�?�?�?�1M,?�?????� ?????�?� ?�?�?�?�?�1M0
_JimGentile,172635054,?�?????� ?????�?� ?�?�?�?�?�1M,?�?????� ?????�?� ?�?�?�?�?�1M0
_JimGentile,172635054,?�?????� ?????�?� ?�?�?�?�?�1M,?�?????� ?????�?� ?�?�?�?�?�1M0
_JimGentile,172635054,?�?????� ?????�?� ?�?�?�?�?�1M,?�?????� ?????�?� ?�?�?�?�?�1M0
_JimGentile,172635054,?�?????� ?????�?� ?�?�?�?�?�1M,?�?????� ?????�?� ?�?�?�?�?�1M0
_JimGentile,172635054,?�?????� ?????�?� ?�?�?�?�?�1M,?�?????� ?????�?� ?�?�?�?�?�1M0
_JimGentile,172635054,?�?????� ?????�?� ?�?�?�?�?�1M,?�?????� ?????�?� ?�?�?�?�?�1M0
_JimGentile,172635054,?�?????� ?????�?� ?�?�?�?�?�1M,?�?????� ?????�?� ?�?�?�?�?�1M0
_JimGentile,172635054,?�?????� ?????�?� ?�?�?�?�?�1M,?�?????� ?????�?� ?�?�?�?�?�1M0
_JimGentile,172635054,?�?????� ?????�?� ?�?�?�?�?�1M,?�?????� ?????�?� ?�?�?�?�?�1M0
_JimGentile,172635054,?�?????� ?????�?� ?�?�?�?�?�1M,?�?????� ?????�?� ?�?�?�?�?�1M0
_JimGentile,172635054,?�?????� ?????�?� ?�?�?�?�?�1M,?�?????� ?????�?� ?�?�?�?�?�1M0
_JimGentile,172635054,?�?????� ?????�?� ?�?�?�?�?�1M,?�?????� ?????�?� ?�?�?�?�?�1M0
_JimGentile,172635054,?�?????� ?????�?� ?�?�?�?�?�1M,?�?????� ?????�?� ?�?�?�?�?�1M0
_JimGentile,172635054,?�?????� ?????�?� ?�?�?�?�?�1M,?�?????� ?????�?� ?�?�?�?�?�1M0
_JimGentile,172635054,?�?????� ?????�?� ?�?�?�?�?�1M,?�?????� ?????�?� ?�?�?�?�?�1M0
_JimGentile,172635054,???�?�?�?�?�,???�?�?�?�?�0
_JimGentile,172635054,???�?�?�?�?�,???�?�?�?�?�0
_JimGentile,172635054,???�?�?�?�?�,???�?�?�?�?�0
_JimGentile,172635054,???�?�?�?�?�,???�?�?�?�?�0
_JimGentile,172635054,???�?�?�?�?�,???�?�?�?�?�0
_JimGentile,172635054,???�?�?�?�?�,???�?�?�?�?�0
_JimGentile,172635054,???�?�?�?�?�,???�?�?�?�?�0
_JimGentile,172635054,???�?�?�?�?�,???�?�?�?�?�0
_JimGentile,172635054,???�?�?�?�?�,???�?�?�?�?�0
_JimGentile,172635054,???�?�?�?�?�,???�?�?�?�?�0
_JimGentile,172635054,???�?�?�?�?�,???�?�?�?�?�0
_JimGentile,172635054,???�?�?�?�?�,???�?�?�?�?�0
_JimGentile,172635054,???�?�?�?�?�,???�?�?�?�?�0
_JimGentile,172635054,???�?�?�?�?�,???�?�?�?�?�0
_JimGentile,172635054,???�?�?�?�?�,???�?�?�?�?�0
_JimGentile,172635054,???�?�?�?�?�,???�?�?�?�?�0
_JimGentile,172635054,???�?�?�?�?�,???�?�?�?�?�0
_JimGentile,172635054,???�?�?�?�?�,???�?�?�?�?�0
_JimGentile,172635054,???�?�?�?�?�,???�?�?�?�?�0
_JimGentile,172635054,???�?�?�?�?�,???�?�?�?�?�0
_JimGentile,172635054,???�?�?�?�?�,???�?�?�?�?�0
_JimGentile,172635054,???�?�?�?�?�,???�?�?�?�?�0
_JimGentile,172635054,???�?�?�?�?�,???�?�?�?�?�0
_JimGentile,172635054,???�?�?�?�?�,???�?�?�?�?�0
_JimGentile,172635054,???�?�?�?�?�,???�?�?�?�?�0
_JimGentile,172635054,???�?�?�?�?�,???�?�?�?�?�0
_JimGentile,172635054,???�?�?�?�?�,???�?�?�?�?�0
_JimGentile,172635054,???�?�?�?�?�,???�?�?�?�?�0
_JimGentile,172635054,???�?�?�?�?�,???�?�?�?�?�0
_JimGentile,172635054,???�?�?�?�?�,???�?�?�?�?�0
_JimGentile,172635054,???�?�?�?�?�,???�?�?�?�?�0
_JimGentile,172635054,???�?�?�?�?�,???�?�?�?�?�0
_JimGentile,172635054,???�?�?�?�?�,???�?�?�?�?�0
_JimGentile,172635054,???�?�?�?�?�,???�?�?�?�?�0
_JimGentile,172635054,???�?�?�?�?�,???�?�?�?�?�0
_JimGentile,172635054,???�?�?�?�?�,???�?�?�?�?�0
_JimGentile,172635054,???�?�?�?�?�,???�?�?�?�?�0
_JimGentile,172635054,???�?�?�?�?�,???�?�?�?�?�0
_JimGentile,172635054,???�?�?�?�?�,???�?�?�?�?�0
_JimGentile,172635054,???�?�?�?�?�,???�?�?�?�?�0
_JimGentile,172635054,???�?�?�?�?�,???�?�?�?�?�0
_JimGentile,172635054,???�?�?�?�?�,???�?�?�?�?�0
_JimGentile,172635054,???�?�?�?�?�,???�?�?�?�?�0
_JimGentile,172635054,???�?�?�?�?�,???�?�?�?�?�0
_JimGentile,172635054,???�?�?�?�?�,???�?�?�?�?�0
_JimGentile,172635054,???�?�?�?�?�,???�?�?�?�?�0
_JimGentile,172635054,???�?�?�?�?�,???�?�?�?�?�0
_JimGentile,172635054,???�?�?�?�?�,???�?�?�?�?�0
_JimGentile,172635054,???�?�?�?�?�,???�?�?�?�?�0
_JimGentile,172635054,???�?�?�?�?�,???�?�?�?�?�0
_JimGentile,172635054,???�?�?�?�?�,???�?�?�?�?�0
_JimGentile,172635054,???�?�?�?�?�,???�?�?�?�?�0
_JimGentile,172635054,???�?�?�?�?�,???�?�?�?�?�0
_JimGentile,172635054,???�?�?�?�?�,???�?�?�?�?�0
_JimGentile,172635054,???�?�?�?�?�,???�?�?�?�?�0
_JimGentile,172635054,???�?�?�?�?�,???�?�?�?�?�0
_JimGentile,172635054,???�?�?�?�?�,???�?�?�?�?�0
_JimGentile,172635054,???�?�?�?�?�,???�?�?�?�?�0
_JimGentile,172635054,???�?�?�?�?�,???�?�?�?�?�0
_JimGentile,172635054,???�?�?�?�?�,???�?�?�?�?�0
_JimGentile,172635054,???�?�?�?�?�,???�?�?�?�?�0
_JimGentile,172635054,???�?�?�?�?�,???�?�?�?�?�0
_JimGentile,172635054,???�?�?�?�?�,???�?�?�?�?�0
_JimGentile,172635054,???�?�?�?�?�,???�?�?�?�?�0
_JimGentile,172635054,???�?�?�?�?�,???�?�?�?�?�0
_JimGentile,172635054,???�?�?�?�?�,???�?�?�?�?�0
_JimGentile,172635054,???�?�?�?�?�,???�?�?�?�?�0
_JimGentile,172635054,???�?�?�?�?�,???�?�?�?�?�0
_JimGentile,172635054,???�?�?�?�?�,???�?�?�?�?�0
_JimGentile,172635054,???�?�?�?�?�,???�?�?�?�?�0
_JimGentile,172635054,???�?�?�?�?�,???�?�?�?�?�0
_JimGentile,172635054,???�?�?�?�?�,???�?�?�?�?�0
_JimGentile,172635054,???�?�?�?�?�,???�?�?�?�?�0
_JimGentile,172635054,???�?�?�?�?�,???�?�?�?�?�0
_JimGentile,172635054,???�?�?�?�?�,???�?�?�?�?�0
_JimGentile,172635054,???�?�?�?�?�,???�?�?�?�?�0
_JimGentile,172635054,???�?�?�?�?�,???�?�?�?�?�0
_JimGentile,172635054,???�?�?�?�?�,???�?�?�?�?�0
_JimGentile,172635054,???�?�?�?�?�,???�?�?�?�?�0
_JimGentile,172635054,???�?�?�?�?�,???�?�?�?�?�0
_JimGentile,172635054,???�?�?�?�?�,???�?�?�?�?�0
_JimGentile,172635054,???�?�?�?�?�,???�?�?�?�?�0
_JimGentile,172635054,???�?�?�?�?�,???�?�?�?�?�0
_JimGentile,172635054,???�?�?�?�?�,???�?�?�?�?�0
_JimGentile,172635054,???�?�?�?�?�,???�?�?�?�?�0
_JimGentile,172635054,???�?�?�?�?�,???�?�?�?�?�0
_JimGentile,172635054,???�?�?�?�?�,???�?�?�?�?�0
_JimGentile,172635054,???�?�?�?�?�,???�?�?�?�?�0
_JimGentile,172635054,???�?�?�?�?�,???�?�?�?�?�0
_JimGentile,172635054,???�?�?�?�?�,???�?�?�?�?�0
_JimGentile,172635054,???�?�?�?�?�,???�?�?�?�?�0
_JimGentile,172635054,???�?�?�?�?�,???�?�?�?�?�0
_JimGentile,172635054,???�?�?�?�?�,???�?�?�?�?�0
_JimGentile,172635054,???�?�?�?�?�,???�?�?�?�?�0
_JimGentile,172635054,???�?�?�?�?�,???�?�?�?�?�0
_JimGentile,172635054,???�?�?�?�?�,???�?�?�?�?�0
_JimGentile,172635054,???�?�?�?�?�?�???� ?�?� ?�?�?�??,???�?�?�?�?�?�???� ?�?� ?�?�?�??0
_JimGentile,172635054,???�?�?�?�?�?�???� ?�?� ?�?�?�??,???�?�?�?�?�?�???� ?�?� ?�?�?�??0
_JimGentile,172635054,???�?�?�?�?�?�???� ?�?� ?�?�?�??,???�?�?�?�?�?�???� ?�?� ?�?�?�??0
_JimGentile,172635054,???�?�?�?�?�?�???� ?�?� ?�?�?�??,???�?�?�?�?�?�???� ?�?� ?�?�?�??0
_JimGentile,172635054,???�?�?�?�?�?�???� ?�?� ?�?�?�??,???�?�?�?�?�?�???� ?�?� ?�?�?�??0
_JimGentile,172635054,???�?�?�?�?�?�???� ?�?� ?�?�?�??,???�?�?�?�?�?�???� ?�?� ?�?�?�??0
_JimGentile,172635054,???�?�?�?�?�?�???� ?�?� ?�?�?�??,???�?�?�?�?�?�???� ?�?� ?�?�?�??0
_JimGentile,172635054,???�?�?�?�?�?�???� ?�?� ?�?�?�??,???�?�?�?�?�?�???� ?�?� ?�?�?�??0
_JimGentile,172635054,???�?�?�?�?�?�???� ?�?� ?�?�?�??,???�?�?�?�?�?�???� ?�?� ?�?�?�??0
_JimGentile,172635054,???�?�?�?�?�?�???� ?�?� ?�?�?�??,???�?�?�?�?�?�???� ?�?� ?�?�?�??0
_JimGentile,172635054,???�?�?�?�?�?�???� ?�?� ?�?�?�??,???�?�?�?�?�?�???� ?�?� ?�?�?�??0
_JimGentile,172635054,???�?�?�?�?�?�???� ?�?� ?�?�?�??,???�?�?�?�?�?�???� ?�?� ?�?�?�??0
_JimGentile,172635054,???�?�?�?�?�?�???� ?�?� ?�?�?�??,???�?�?�?�?�?�???� ?�?� ?�?�?�??0
_JimGentile,172635054,???�?�?�?�?�?�???� ?�?� ?�?�?�??,???�?�?�?�?�?�???� ?�?� ?�?�?�??0
_JimGentile,172635054,???�?�?�?�?�?�???� ?�?� ?�?�?�??,???�?�?�?�?�?�???� ?�?� ?�?�?�??0
_JimGentile,172635054,???�?�?�?�?�?�???� ?�?� ?�?�?�??,???�?�?�?�?�?�???� ?�?� ?�?�?�??0
_JimGentile,172635054,???�?�?�?�?�?�???� ?�?� ?�?�?�??,???�?�?�?�?�?�???� ?�?� ?�?�?�??0
_JimGentile,172635054,???�?�?�?�?�?�???� ?�?� ?�?�?�??,???�?�?�?�?�?�???� ?�?� ?�?�?�??0
_JimGentile,172635054,???�?�?�?�?�?�???� ?�?� ?�?�?�??,???�?�?�?�?�?�???� ?�?� ?�?�?�??0
_JimGentile,172635054,???�?�?�?�?�?�???� ?�?� ?�?�?�??,???�?�?�?�?�?�???� ?�?� ?�?�?�??0
_JimGentile,172635054,???�?�?�?�?�?�???� ?�?� ?�?�?�??,???�?�?�?�?�?�???� ?�?� ?�?�?�??0
_JimGentile,172635054,???�?�?�?�?�?�???� ?�?� ?�?�?�??,???�?�?�?�?�?�???� ?�?� ?�?�?�??0
_JimGentile,172635054,???�?�?�?�?�?�???� ?�?� ?�?�?�??,???�?�?�?�?�?�???� ?�?� ?�?�?�??0
_JimGentile,172635054,???�?�?�?�?�?�???� ?�?� ?�?�?�??,???�?�?�?�?�?�???� ?�?� ?�?�?�??0
_JimGentile,172635054,???�?�?�?�?�?�???� ?�?� ?�?�?�??,???�?�?�?�?�?�???� ?�?� ?�?�?�??0
_JimGentile,172635054,???�?�?�?�?�?�???� ?�?� ?�?�?�??,???�?�?�?�?�?�???� ?�?� ?�?�?�??0
_JimGentile,172635054,???�?�?�?�?�?�???� ?�?� ?�?�?�??,???�?�?�?�?�?�???� ?�?� ?�?�?�??0
_JimGentile,172635054,???�?�?�?�?�?�???� ?�?� ?�?�?�??,???�?�?�?�?�?�???� ?�?� ?�?�?�??0
_JimGentile,172635054,???�?�?�?�?�?�???� ?�?� ?�?�?�??,???�?�?�?�?�?�???� ?�?� ?�?�?�??0
_JimGentile,172635054,???�?�?�?�?�?�???� ?�?� ?�?�?�??,???�?�?�?�?�?�???� ?�?� ?�?�?�??0
_JimGentile,172635054,???�?�?�?�?�?�???� ?�?� ?�?�?�??,???�?�?�?�?�?�???� ?�?� ?�?�?�??0
_JimGentile,172635054,???�?�?�?�?�?�???� ?�?� ?�?�?�??,???�?�?�?�?�?�???� ?�?� ?�?�?�??0
_JimGentile,172635054,???�?�?�?�?�?�???� ?�?� ?�?�?�??,???�?�?�?�?�?�???� ?�?� ?�?�?�??0
_JimGentile,172635054,???�?�?�?�?�?�???� ?�?� ?�?�?�??,???�?�?�?�?�?�???� ?�?� ?�?�?�??0
_JimGentile,172635054,???�?�?�?�?�?�???� ?�?� ?�?�?�??,???�?�?�?�?�?�???� ?�?� ?�?�?�??0
_JimGentile,172635054,???�?�?�?�?�?�???� ?�?� ?�?�?�??,???�?�?�?�?�?�???� ?�?� ?�?�?�??0
_JimGentile,172635054,???�?�?�?�?�?�???� ?�?� ?�?�?�??,???�?�?�?�?�?�???� ?�?� ?�?�?�??0
_JimGentile,172635054,???�?�?�?�?�?�???� ?�?� ?�?�?�??,???�?�?�?�?�?�???� ?�?� ?�?�?�??0
_JimGentile,172635054,???�?�?�?�?�?�???� ?�?� ?�?�?�??,???�?�?�?�?�?�???� ?�?� ?�?�?�??0
_JimGentile,172635054,???�?�?�?�?�?�???� ?�?� ?�?�?�??,???�?�?�?�?�?�???� ?�?� ?�?�?�??0
_JimGentile,172635054,???�?�?�?�?�?�???� ?�?� ?�?�?�??,???�?�?�?�?�?�???� ?�?� ?�?�?�??0
_JimGentile,172635054,???�?�?�?�?�?�???� ?�?� ?�?�?�??,???�?�?�?�?�?�???� ?�?� ?�?�?�??0
_JimGentile,172635054,???�?�?�?�?�?�???� ?�?� ?�?�?�??,???�?�?�?�?�?�???� ?�?� ?�?�?�??0
_JimGentile,172635054,???�?�?�?�?�?�???� ?�?� ?�?�?�??,???�?�?�?�?�?�???� ?�?� ?�?�?�??0
_JimGentile,172635054,???�?�?�?�?�?�???� ?�?� ?�?�?�??,???�?�?�?�?�?�???� ?�?� ?�?�?�??0
_JimGentile,172635054,???�?�?�?�?�?�???� ?�?� ?�?�?�??,???�?�?�?�?�?�???� ?�?� ?�?�?�??0
_JimGentile,172635054,???�?�?�?�?�?�???� ?�?� ?�?�?�??,???�?�?�?�?�?�???� ?�?� ?�?�?�??0
_JimGentile,172635054,???�?�?�?�?�?�???� ?�?� ?�?�?�??,???�?�?�?�?�?�???� ?�?� ?�?�?�??0
_JimGentile,172635054,???�?�?�?�?�?�???� ?�?� ?�?�?�??,???�?�?�?�?�?�???� ?�?� ?�?�?�??0
_JimGentile,172635054,???�?�?�?�?�?�???� ?�?� ?�?�?�??,???�?�?�?�?�?�???� ?�?� ?�?�?�??0
_JimGentile,172635054,???�?�?�?�?�?�???� ?�?� ?�?�?�??,???�?�?�?�?�?�???� ?�?� ?�?�?�??0
_JimGentile,172635054,???�?�?�?�?�?�???� ?�?� ?�?�?�??,???�?�?�?�?�?�???� ?�?� ?�?�?�??0
_JimGentile,172635054,???�?�?�?�?�?�???� ?�?� ?�?�?�??,???�?�?�?�?�?�???� ?�?� ?�?�?�??0
_JimGentile,172635054,???�?�?�?�?�?�???� ?�?� ?�?�?�??,???�?�?�?�?�?�???� ?�?� ?�?�?�??0
_JimGentile,172635054,???�?�?�?�?�?�???� ?�?� ?�?�?�??,???�?�?�?�?�?�???� ?�?� ?�?�?�??0
_JimGentile,172635054,???�?�?�?�?�?�???� ?�?� ?�?�?�??,???�?�?�?�?�?�???� ?�?� ?�?�?�??0
_JimGentile,172635054,???�?�?�?�?�?�???� ?�?� ?�?�?�??,???�?�?�?�?�?�???� ?�?� ?�?�?�??0
_JimGentile,172635054,???�?�?�?�?�?�???� ?�?� ?�?�?�??,???�?�?�?�?�?�???� ?�?� ?�?�?�??0
_JimGentile,172635054,???�?�?�?�?�?�???� ?�?� ?�?�?�??,???�?�?�?�?�?�???� ?�?� ?�?�?�??0
_JimGentile,172635054,???�?�?�?�?�?�???� ?�?� ?�?�?�??,???�?�?�?�?�?�???� ?�?� ?�?�?�??0
_JimGentile,172635054,???�?�?�?�?�?�???� ?�?� ?�?�?�??,???�?�?�?�?�?�???� ?�?� ?�?�?�??0
_JimGentile,172635054,???�?�?�?�?�?�???� ?�?� ?�?�?�??,???�?�?�?�?�?�???� ?�?� ?�?�?�??0
_JimGentile,172635054,???�?�?�?�?�?�???� ?�?� ?�?�?�??,???�?�?�?�?�?�???� ?�?� ?�?�?�??0
_JimGentile,172635054,???�?�?�?�?�?�???� ?�?� ?�?�?�??,???�?�?�?�?�?�???� ?�?� ?�?�?�??0
_JimGentile,172635054,???�?�?�?�?�?�???� ?�?� ?�?�?�??,???�?�?�?�?�?�???� ?�?� ?�?�?�??0
_JimGentile,172635054,???�?�?�?�?�?�???� ?�?� ?�?�?�??,???�?�?�?�?�?�???� ?�?� ?�?�?�??0
_JimGentile,172635054,???�?�?�?�?�?�???� ?�?� ?�?�?�??,???�?�?�?�?�?�???� ?�?� ?�?�?�??0
_JimGentile,172635054,???�?�?�?�?�?�???� ?�?� ?�?�?�??,???�?�?�?�?�?�???� ?�?� ?�?�?�??0
_JimGentile,172635054,???�?�?�?�?�?�???� ?�?� ?�?�?�??,???�?�?�?�?�?�???� ?�?� ?�?�?�??0
_JimGentile,172635054,???�?�?�?�?�?�???� ?�?� ?�?�?�??,???�?�?�?�?�?�???� ?�?� ?�?�?�??0
_JimGentile,172635054,???�?�?�?�?�?�???� ?�?� ?�?�?�??,???�?�?�?�?�?�???� ?�?� ?�?�?�??0
_JimGentile,172635054,???�?�?�?�?�?�???� ?�?� ?�?�?�??,???�?�?�?�?�?�???� ?�?� ?�?�?�??0
_JimGentile,172635054,???�?�?�?�?�?�???� ?�?� ?�?�?�??,???�?�?�?�?�?�???� ?�?� ?�?�?�??0
_JimGentile,172635054,???�?�?�?�?�?�???� ?�?� ?�?�?�??,???�?�?�?�?�?�???� ?�?� ?�?�?�??0
_JimGentile,172635054,???�?�?�?�?�?�???� ?�?� ?�?�?�??,???�?�?�?�?�?�???� ?�?� ?�?�?�??0
_JimGentile,172635054,???�?�?�?�?�?�???� ?�?� ?�?�?�??,???�?�?�?�?�?�???� ?�?� ?�?�?�??0
_JimGentile,172635054,???�?�?�?�?�?�???� ?�?� ?�?�?�??,???�?�?�?�?�?�???� ?�?� ?�?�?�??0
_JimGentile,172635054,???�?�?�?�?�?�???� ?�?� ?�?�?�??,???�?�?�?�?�?�???� ?�?� ?�?�?�??0
_JimGentile,172635054,???�?�?�?�?�?�???� ?�?� ?�?�?�??,???�?�?�?�?�?�???� ?�?� ?�?�?�??0
_JimGentile,172635054,???�?�?�?�?�?�???� ?�?� ?�?�?�??,???�?�?�?�?�?�???� ?�?� ?�?�?�??0
_JimGentile,172635054,???�?�?�?�?�?�???� ?�?� ?�?�?�??,???�?�?�?�?�?�???� ?�?� ?�?�?�??0
_JimGentile,172635054,???�?�?�?�?�?�???� ?�?� ?�?�?�??,???�?�?�?�?�?�???� ?�?� ?�?�?�??0
_JimGentile,172635054,???�?�?�?�?�?�???� ?�?� ?�?�?�??,???�?�?�?�?�?�???� ?�?� ?�?�?�??0
_JimGentile,172635054,???�?�?�?�?�?�???� ?�?� ?�?�?�??,???�?�?�?�?�?�???� ?�?� ?�?�?�??0
_JimGentile,172635054,???�?�?�?�?�?�???� ?�?� ?�?�?�??,???�?�?�?�?�?�???� ?�?� ?�?�?�??0
_JimGentile,172635054,???�?�?�?�?�?�???� ?�?� ?�?�?�??,???�?�?�?�?�?�???� ?�?� ?�?�?�??0
_JimGentile,172635054,???�?�?�?�?�?�???� ?�?� ?�?�?�??,???�?�?�?�?�?�???� ?�?� ?�?�?�??0
_JimGentile,172635054,???�?�?�?�?�?�???� ?�?� ?�?�?�??,???�?�?�?�?�?�???� ?�?� ?�?�?�??0
_JimGentile,172635054,???�?�?�?�?�?�???� ?�?� ?�?�?�??,???�?�?�?�?�?�???� ?�?� ?�?�?�??0
_JimGentile,172635054,???�?�?�?�?�?�???� ?�?� ?�?�?�??,???�?�?�?�?�?�???� ?�?� ?�?�?�??0
_JimGentile,172635054,???�?�?�?�?�?�???� ?�?� ?�?�?�??,???�?�?�?�?�?�???� ?�?� ?�?�?�??0
_JimGentile,172635054,???�?�?�?�?�?�???� ?�?� ?�?�?�??,???�?�?�?�?�?�???� ?�?� ?�?�?�??0
_JimGentile,172635054,???�?�?�?�?�?�???� ?�?� ?�?�?�??,???�?�?�?�?�?�???� ?�?� ?�?�?�??0
_JimGentile,172635054,???�?�?�?�?�?�???� ?�?� ?�?�?�??,???�?�?�?�?�?�???� ?�?� ?�?�?�??0
_JimGentile,172635054,???�?�?�?�?�?�???� ?�?� ?�?�?�??,???�?�?�?�?�?�???� ?�?� ?�?�?�??0
_JimGentile,172635054,???�?�?�?�?�?�???� ?�?� ?�?�?�??,???�?�?�?�?�?�???� ?�?� ?�?�?�??0
_JimGentile,172635054,2k16 crisis,2k16 crisis0
_JimGentile,172635054,2k16 crisis,2k16 crisis0
_JimGentile,172635054,2k16 crisis,2k16 crisis0
_JimGentile,172635054,2k16 crisis,2k16 crisis0
_JimGentile,172635054,2k16 crisis,2k16 crisis0
_JimGentile,172635054,2k16 crisis,2k16 crisis0
_JimGentile,172635054,2k16 crisis,2k16 crisis0
_JimGentile,172635054,2k16 crisis,2k16 crisis0
_JimGentile,172635054,2k16 crisis,2k16 crisis0
_JimGentile,172635054,2k16 crisis,2k16 crisis0
_JimGentile,172635054,2k16 crisis,2k16 crisis0
_JimGentile,172635054,2k16 crisis,2k16 crisis0
_JimGentile,172635054,2k16 crisis,2k16 crisis0
_JimGentile,172635054,2k16 crisis,2k16 crisis0
_JimGentile,172635054,2k16 crisis,2k16 crisis0
_JimGentile,172635054,2k16 crisis,2k16 crisis0
_JimGentile,172635054,2k16 crisis,2k16 crisis0
_JimGentile,172635054,2k16 crisis,2k16 crisis0
_JimGentile,172635054,2k16 crisis,2k16 crisis0
_JimGentile,172635054,2k16 crisis,2k16 crisis0
_JimGentile,172635054,2k16 crisis,2k16 crisis0
_JimGentile,172635054,2k16 crisis,2k16 crisis0
_JimGentile,172635054,2k16 crisis,2k16 crisis0
_JimGentile,172635054,2k16 crisis,2k16 crisis0
_JimGentile,172635054,2k16 crisis,2k16 crisis0
_JimGentile,172635054,2k16 crisis,2k16 crisis0
_JimGentile,172635054,2k16 crisis,2k16 crisis0
_JimGentile,172635054,2k16 crisis,2k16 crisis0
_JimGentile,172635054,2k16 crisis,2k16 crisis0
_JimGentile,172635054,2k16 crisis,2k16 crisis0
_JimGentile,172635054,2k16 crisis,2k16 crisis0
_JimGentile,172635054,2k16 crisis,2k16 crisis0
_JimGentile,172635054,2k16 crisis,2k16 crisis0
_JimGentile,172635054,2k16 crisis,2k16 crisis0
_JimGentile,172635054,2k16 crisis,2k16 crisis0
_JimGentile,172635054,2k16 crisis,2k16 crisis0
_JimGentile,172635054,2k16 crisis,2k16 crisis0
_JimGentile,172635054,2k16 crisis,2k16 crisis0
_JimGentile,172635054,2k16 crisis,2k16 crisis0
_JimGentile,172635054,2k16 crisis,2k16 crisis0
_JimGentile,172635054,2k16 crisis,2k16 crisis0
_JimGentile,172635054,2k16 crisis,2k16 crisis0
_JimGentile,172635054,2k16 crisis,2k16 crisis0
_JimGentile,172635054,2k16 crisis,2k16 crisis0
_JimGentile,172635054,2k16 crisis,2k16 crisis0
_JimGentile,172635054,2k16 crisis,2k16 crisis0
_JimGentile,172635054,2k16 crisis,2k16 crisis0
_JimGentile,172635054,2k16 crisis,2k16 crisis0
_JimGentile,172635054,2k16 crisis,2k16 crisis0
_JimGentile,172635054,2k16 crisis,2k16 crisis0
_JimGentile,172635054,2k16 crisis,2k16 crisis0
_JimGentile,172635054,2k16 crisis,2k16 crisis0
_JimGentile,172635054,2k16 crisis,2k16 crisis0
_JimGentile,172635054,2k16 crisis,2k16 crisis0
_JimGentile,172635054,2k16 crisis,2k16 crisis0
_JimGentile,172635054,2k16 crisis,2k16 crisis0
_JimGentile,172635054,2k16 crisis,2k16 crisis0
_JimGentile,172635054,2k16 crisis,2k16 crisis0
_JimGentile,172635054,2k16 crisis,2k16 crisis0
_JimGentile,172635054,2k16 crisis,2k16 crisis0
_JimGentile,172635054,2k16 crisis,2k16 crisis0
_JimGentile,172635054,2k16 crisis,2k16 crisis0
_JimGentile,172635054,2k16 crisis,2k16 crisis0
_JimGentile,172635054,2k16 crisis,2k16 crisis0
_JimGentile,172635054,2k16 crisis,2k16 crisis0
_JimGentile,172635054,2k16 crisis,2k16 crisis0
_JimGentile,172635054,2k16 crisis,2k16 crisis0
_JimGentile,172635054,2k16 crisis,2k16 crisis0
_JimGentile,172635054,2k16 crisis,2k16 crisis0
_JimGentile,172635054,2k16 crisis,2k16 crisis0
_JimGentile,172635054,2k16 crisis,2k16 crisis0
_JimGentile,172635054,2k16 crisis,2k16 crisis0
_JimGentile,172635054,2k16 crisis,2k16 crisis0
_JimGentile,172635054,2k16 crisis,2k16 crisis0
_JimGentile,172635054,2k16 crisis,2k16 crisis0
_JimGentile,172635054,2k16 crisis,2k16 crisis0
_JimGentile,172635054,2k16 crisis,2k16 crisis0
_JimGentile,172635054,2k16 crisis,2k16 crisis0
_JimGentile,172635054,2k16 crisis,2k16 crisis0
_JimGentile,172635054,2k16 crisis,2k16 crisis0
_JimGentile,172635054,2k16 crisis,2k16 crisis0
_JimGentile,172635054,2k16 crisis,2k16 crisis0
_JimGentile,172635054,2k16 crisis,2k16 crisis0
_JimGentile,172635054,2k16 crisis,2k16 crisis0
_JimGentile,172635054,2k16 crisis,2k16 crisis0
_JimGentile,172635054,2k16 crisis,2k16 crisis0
_JimGentile,172635054,2k16 crisis,2k16 crisis0
_JimGentile,172635054,2k16 crisis,2k16 crisis0
_JimGentile,172635054,2k16 crisis,2k16 crisis0
_JimGentile,172635054,2k16 crisis,2k16 crisis0
_JimGentile,172635054,2k16 crisis,2k16 crisis0
_JimGentile,172635054,2k16 crisis,2k16 crisis0
_JimGentile,172635054,2k16 crisis,2k16 crisis0
_JimGentile,172635054,2k16 crisis,2k16 crisis0
_JimGentile,172635054,2k16 crisis,2k16 crisis0
_JimGentile,172635054,2k16 crisis,2k16 crisis0
_JimGentile,172635054,50K JAY & AMY HIATT,50K JAY & AMY HIATT0
_JimGentile,172635054,50K JAY & AMY HIATT,50K JAY & AMY HIATT0
_JimGentile,172635054,50K JAY & AMY HIATT,50K JAY & AMY HIATT0
_JimGentile,172635054,50K JAY & AMY HIATT,50K JAY & AMY HIATT0
_JimGentile,172635054,50K JAY & AMY HIATT,50K JAY & AMY HIATT0
_JimGentile,172635054,50K JAY & AMY HIATT,50K JAY & AMY HIATT0
_JimGentile,172635054,50K JAY & AMY HIATT,50K JAY & AMY HIATT0
_JimGentile,172635054,50K JAY & AMY HIATT,50K JAY & AMY HIATT0
_JimGentile,172635054,50K JAY & AMY HIATT,50K JAY & AMY HIATT0
_JimGentile,172635054,50K JAY & AMY HIATT,50K JAY & AMY HIATT0
_JimGentile,172635054,50K JAY & AMY HIATT,50K JAY & AMY HIATT0
_JimGentile,172635054,50K JAY & AMY HIATT,50K JAY & AMY HIATT0
_JimGentile,172635054,50K JAY & AMY HIATT,50K JAY & AMY HIATT0
_JimGentile,172635054,50K JAY & AMY HIATT,50K JAY & AMY HIATT0
_JimGentile,172635054,50K JAY & AMY HIATT,50K JAY & AMY HIATT0
_JimGentile,172635054,50K JAY & AMY HIATT,50K JAY & AMY HIATT0
_JimGentile,172635054,50K JAY & AMY HIATT,50K JAY & AMY HIATT0
_JimGentile,172635054,50K JAY & AMY HIATT,50K JAY & AMY HIATT0
_JimGentile,172635054,50K JAY & AMY HIATT,50K JAY & AMY HIATT0
_JimGentile,172635054,50K JAY & AMY HIATT,50K JAY & AMY HIATT0
_JimGentile,172635054,50K JAY & AMY HIATT,50K JAY & AMY HIATT0
_JimGentile,172635054,50K JAY & AMY HIATT,50K JAY & AMY HIATT0
_JimGentile,172635054,50K JAY & AMY HIATT,50K JAY & AMY HIATT0
_JimGentile,172635054,50K JAY & AMY HIATT,50K JAY & AMY HIATT0
_JimGentile,172635054,50K JAY & AMY HIATT,50K JAY & AMY HIATT0
_JimGentile,172635054,50K JAY & AMY HIATT,50K JAY & AMY HIATT0
_JimGentile,172635054,50K JAY & AMY HIATT,50K JAY & AMY HIATT0
_JimGentile,172635054,50K JAY & AMY HIATT,50K JAY & AMY HIATT0
_JimGentile,172635054,50K JAY & AMY HIATT,50K JAY & AMY HIATT0
_JimGentile,172635054,50K JAY & AMY HIATT,50K JAY & AMY HIATT0
_JimGentile,172635054,50K JAY & AMY HIATT,50K JAY & AMY HIATT0
_JimGentile,172635054,50K JAY & AMY HIATT,50K JAY & AMY HIATT0
_JimGentile,172635054,50K JAY & AMY HIATT,50K JAY & AMY HIATT0
_JimGentile,172635054,50K JAY & AMY HIATT,50K JAY & AMY HIATT0
_JimGentile,172635054,50K JAY & AMY HIATT,50K JAY & AMY HIATT0
_JimGentile,172635054,50K JAY & AMY HIATT,50K JAY & AMY HIATT0
_JimGentile,172635054,50K JAY & AMY HIATT,50K JAY & AMY HIATT0
_JimGentile,172635054,50K JAY & AMY HIATT,50K JAY & AMY HIATT0
_JimGentile,172635054,50K JAY & AMY HIATT,50K JAY & AMY HIATT0
_JimGentile,172635054,50K JAY & AMY HIATT,50K JAY & AMY HIATT0
_JimGentile,172635054,50K JAY & AMY HIATT,50K JAY & AMY HIATT0
_JimGentile,172635054,50K JAY & AMY HIATT,50K JAY & AMY HIATT0
_JimGentile,172635054,50K JAY & AMY HIATT,50K JAY & AMY HIATT0
_JimGentile,172635054,50K JAY & AMY HIATT,50K JAY & AMY HIATT0
_JimGentile,172635054,50K JAY & AMY HIATT,50K JAY & AMY HIATT0
_JimGentile,172635054,50K JAY & AMY HIATT,50K JAY & AMY HIATT0
_JimGentile,172635054,50K JAY & AMY HIATT,50K JAY & AMY HIATT0
_JimGentile,172635054,50K JAY & AMY HIATT,50K JAY & AMY HIATT0
_JimGentile,172635054,50K JAY & AMY HIATT,50K JAY & AMY HIATT0
_JimGentile,172635054,50K JAY & AMY HIATT,50K JAY & AMY HIATT0
_JimGentile,172635054,50K JAY & AMY HIATT,50K JAY & AMY HIATT0
_JimGentile,172635054,50K JAY & AMY HIATT,50K JAY & AMY HIATT0
_JimGentile,172635054,50K JAY & AMY HIATT,50K JAY & AMY HIATT0
_JimGentile,172635054,50K JAY & AMY HIATT,50K JAY & AMY HIATT0
_JimGentile,172635054,50K JAY & AMY HIATT,50K JAY & AMY HIATT0
_JimGentile,172635054,50K JAY & AMY HIATT,50K JAY & AMY HIATT0
_JimGentile,172635054,50K JAY & AMY HIATT,50K JAY & AMY HIATT0
_JimGentile,172635054,50K JAY & AMY HIATT,50K JAY & AMY HIATT0
_JimGentile,172635054,50K JAY & AMY HIATT,50K JAY & AMY HIATT0
_JimGentile,172635054,50K JAY & AMY HIATT,50K JAY & AMY HIATT0
_JimGentile,172635054,50K JAY & AMY HIATT,50K JAY & AMY HIATT0
_JimGentile,172635054,50K JAY & AMY HIATT,50K JAY & AMY HIATT0
_JimGentile,172635054,50K JAY & AMY HIATT,50K JAY & AMY HIATT0
_JimGentile,172635054,50K JAY & AMY HIATT,50K JAY & AMY HIATT0
_JimGentile,172635054,50K JAY & AMY HIATT,50K JAY & AMY HIATT0
_JimGentile,172635054,50K JAY & AMY HIATT,50K JAY & AMY HIATT0
_JimGentile,172635054,50K JAY & AMY HIATT,50K JAY & AMY HIATT0
_JimGentile,172635054,50K JAY & AMY HIATT,50K JAY & AMY HIATT0
_JimGentile,172635054,50K JAY & AMY HIATT,50K JAY & AMY HIATT0
_JimGentile,172635054,50K JAY & AMY HIATT,50K JAY & AMY HIATT0
_JimGentile,172635054,50K JAY & AMY HIATT,50K JAY & AMY HIATT0
_JimGentile,172635054,50K JAY & AMY HIATT,50K JAY & AMY HIATT0
_JimGentile,172635054,50K JAY & AMY HIATT,50K JAY & AMY HIATT0
_JimGentile,172635054,50K JAY & AMY HIATT,50K JAY & AMY HIATT0
_JimGentile,172635054,50K JAY & AMY HIATT,50K JAY & AMY HIATT0
_JimGentile,172635054,50K JAY & AMY HIATT,50K JAY & AMY HIATT0
_JimGentile,172635054,50K JAY & AMY HIATT,50K JAY & AMY HIATT0
_JimGentile,172635054,50K JAY & AMY HIATT,50K JAY & AMY HIATT0
_JimGentile,172635054,50K JAY & AMY HIATT,50K JAY & AMY HIATT0
_JimGentile,172635054,50K JAY & AMY HIATT,50K JAY & AMY HIATT0
_JimGentile,172635054,50K JAY & AMY HIATT,50K JAY & AMY HIATT0
_JimGentile,172635054,50K JAY & AMY HIATT,50K JAY & AMY HIATT0
_JimGentile,172635054,50K JAY & AMY HIATT,50K JAY & AMY HIATT0
_JimGentile,172635054,50K JAY & AMY HIATT,50K JAY & AMY HIATT0
_JimGentile,172635054,50K JAY & AMY HIATT,50K JAY & AMY HIATT0
_JimGentile,172635054,50K JAY & AMY HIATT,50K JAY & AMY HIATT0
_JimGentile,172635054,50K JAY & AMY HIATT,50K JAY & AMY HIATT0
_JimGentile,172635054,50K JAY & AMY HIATT,50K JAY & AMY HIATT0
_JimGentile,172635054,50K JAY & AMY HIATT,50K JAY & AMY HIATT0
_JimGentile,172635054,50K JAY & AMY HIATT,50K JAY & AMY HIATT0
_JimGentile,172635054,50K JAY & AMY HIATT,50K JAY & AMY HIATT0
_JimGentile,172635054,50K JAY & AMY HIATT,50K JAY & AMY HIATT0
_JimGentile,172635054,50K JAY & AMY HIATT,50K JAY & AMY HIATT0
_JimGentile,172635054,50K JAY & AMY HIATT,50K JAY & AMY HIATT0
_JimGentile,172635054,50K JAY & AMY HIATT,50K JAY & AMY HIATT0
_JimGentile,172635054,50K JAY & AMY HIATT,50K JAY & AMY HIATT0
_JimGentile,172635054,al warming,al warming0
_JimGentile,172635054,al warming,al warming0
_JimGentile,172635054,al warming,al warming0
_JimGentile,172635054,al warming,al warming0
_JimGentile,172635054,al warming,al warming0
_JimGentile,172635054,al warming,al warming0
_JimGentile,172635054,al warming,al warming0
_JimGentile,172635054,al warming,al warming0
_JimGentile,172635054,al warming,al warming0
_JimGentile,172635054,al warming,al warming0
_JimGentile,172635054,al warming,al warming0
_JimGentile,172635054,al warming,al warming0
_JimGentile,172635054,al warming,al warming0
_JimGentile,172635054,al warming,al warming0
_JimGentile,172635054,al warming,al warming0
_JimGentile,172635054,al warming,al warming0
_JimGentile,172635054,al warming,al warming0
_JimGentile,172635054,al warming,al warming0
_JimGentile,172635054,al warming,al warming0
_JimGentile,172635054,al warming,al warming0
_JimGentile,172635054,al warming,al warming0
_JimGentile,172635054,al warming,al warming0
_JimGentile,172635054,al warming,al warming0
_JimGentile,172635054,al warming,al warming0
_JimGentile,172635054,al warming,al warming0
_JimGentile,172635054,al warming,al warming0
_JimGentile,172635054,al warming,al warming0
_JimGentile,172635054,al warming,al warming0
_JimGentile,172635054,al warming,al warming0
_JimGentile,172635054,al warming,al warming0
_JimGentile,172635054,al warming,al warming0
_JimGentile,172635054,al warming,al warming0
_JimGentile,172635054,al warming,al warming0
_JimGentile,172635054,al warming,al warming0
_JimGentile,172635054,al warming,al warming0
_JimGentile,172635054,al warming,al warming0
_JimGentile,172635054,al warming,al warming0
_JimGentile,172635054,al warming,al warming0
_JimGentile,172635054,al warming,al warming0
_JimGentile,172635054,al warming,al warming0
_JimGentile,172635054,al warming,al warming0
_JimGentile,172635054,al warming,al warming0
_JimGentile,172635054,al warming,al warming0
_JimGentile,172635054,al warming,al warming0
_JimGentile,172635054,al warming,al warming0
_JimGentile,172635054,al warming,al warming0
_JimGentile,172635054,al warming,al warming0
_JimGentile,172635054,al warming,al warming0
_JimGentile,172635054,al warming,al warming0
_JimGentile,172635054,al warming,al warming0
_JimGentile,172635054,al warming,al warming0
_JimGentile,172635054,al warming,al warming0
_JimGentile,172635054,al warming,al warming0
_JimGentile,172635054,al warming,al warming0
_JimGentile,172635054,al warming,al warming0
_JimGentile,172635054,al warming,al warming0
_JimGentile,172635054,al warming,al warming0
_JimGentile,172635054,al warming,al warming0
_JimGentile,172635054,al warming,al warming0
_JimGentile,172635054,al warming,al warming0
_JimGentile,172635054,al warming,al warming0
_JimGentile,172635054,al warming,al warming0
_JimGentile,172635054,al warming,al warming0
_JimGentile,172635054,al warming,al warming0
_JimGentile,172635054,al warming,al warming0
_JimGentile,172635054,al warming,al warming0
_JimGentile,172635054,al warming,al warming0
_JimGentile,172635054,al warming,al warming0
_JimGentile,172635054,al warming,al warming0
_JimGentile,172635054,al warming,al warming0
_JimGentile,172635054,al warming,al warming0
_JimGentile,172635054,al warming,al warming0
_JimGentile,172635054,al warming,al warming0
_JimGentile,172635054,al warming,al warming0
_JimGentile,172635054,al warming,al warming0
_JimGentile,172635054,al warming,al warming0
_JimGentile,172635054,al warming,al warming0
_JimGentile,172635054,al warming,al warming0
_JimGentile,172635054,al warming,al warming0
_JimGentile,172635054,al warming,al warming0
_JimGentile,172635054,al warming,al warming0
_JimGentile,172635054,al warming,al warming0
_JimGentile,172635054,al warming,al warming0
_JimGentile,172635054,al warming,al warming0
_JimGentile,172635054,al warming,al warming0
_JimGentile,172635054,al warming,al warming0
_JimGentile,172635054,al warming,al warming0
_JimGentile,172635054,al warming,al warming0
_JimGentile,172635054,al warming,al warming0
_JimGentile,172635054,al warming,al warming0
_JimGentile,172635054,al warming,al warming0
_JimGentile,172635054,al warming,al warming0
_JimGentile,172635054,al warming,al warming0
_JimGentile,172635054,al warming,al warming0
_JimGentile,172635054,al warming,al warming0
_JimGentile,172635054,al warming,al warming0
_JimGentile,172635054,Ampell,Ampell0
_JimGentile,172635054,Ampell,Ampell0
_JimGentile,172635054,Ampell,Ampell0
_JimGentile,172635054,Ampell,Ampell0
_JimGentile,172635054,Ampell,Ampell0
_JimGentile,172635054,Ampell,Ampell0
_JimGentile,172635054,Ampell,Ampell0
_JimGentile,172635054,Ampell,Ampell0
_JimGentile,172635054,Ampell,Ampell0
_JimGentile,172635054,Ampell,Ampell0
_JimGentile,172635054,Ampell,Ampell0
_JimGentile,172635054,Ampell,Ampell0
_JimGentile,172635054,Ampell,Ampell0
_JimGentile,172635054,Ampell,Ampell0
_JimGentile,172635054,Ampell,Ampell0
_JimGentile,172635054,Ampell,Ampell0
_JimGentile,172635054,Ampell,Ampell0
_JimGentile,172635054,Ampell,Ampell0
_JimGentile,172635054,Ampell,Ampell0
_JimGentile,172635054,Ampell,Ampell0
_JimGentile,172635054,Ampell,Ampell0
_JimGentile,172635054,Ampell,Ampell0
_JimGentile,172635054,Ampell,Ampell0
_JimGentile,172635054,Ampell,Ampell0
_JimGentile,172635054,Ampell,Ampell0
_JimGentile,172635054,Ampell,Ampell0
_JimGentile,172635054,Ampell,Ampell0
_JimGentile,172635054,Ampell,Ampell0
_JimGentile,172635054,Ampell,Ampell0
_JimGentile,172635054,Ampell,Ampell0
_JimGentile,172635054,Ampell,Ampell0
_JimGentile,172635054,Ampell,Ampell0
_JimGentile,172635054,Ampell,Ampell0
_JimGentile,172635054,Ampell,Ampell0
_JimGentile,172635054,Ampell,Ampell0
_JimGentile,172635054,Ampell,Ampell0
_JimGentile,172635054,Ampell,Ampell0
_JimGentile,172635054,Ampell,Ampell0
_JimGentile,172635054,Ampell,Ampell0
_JimGentile,172635054,Ampell,Ampell0
_JimGentile,172635054,Ampell,Ampell0
_JimGentile,172635054,Ampell,Ampell0
_JimGentile,172635054,Ampell,Ampell0
_JimGentile,172635054,Ampell,Ampell0
_JimGentile,172635054,Ampell,Ampell0
_JimGentile,172635054,Ampell,Ampell0
_JimGentile,172635054,Ampell,Ampell0
_JimGentile,172635054,Ampell,Ampell0
_JimGentile,172635054,Ampell,Ampell0
_JimGentile,172635054,Ampell,Ampell0
_JimGentile,172635054,Ampell,Ampell0
_JimGentile,172635054,Ampell,Ampell0
_JimGentile,172635054,Ampell,Ampell0
_JimGentile,172635054,Ampell,Ampell0
_JimGentile,172635054,Ampell,Ampell0
_JimGentile,172635054,Ampell,Ampell0
_JimGentile,172635054,Ampell,Ampell0
_JimGentile,172635054,Ampell,Ampell0
_JimGentile,172635054,Ampell,Ampell0
_JimGentile,172635054,Ampell,Ampell0
_JimGentile,172635054,Ampell,Ampell0
_JimGentile,172635054,Ampell,Ampell0
_JimGentile,172635054,Ampell,Ampell0
_JimGentile,172635054,Ampell,Ampell0
_JimGentile,172635054,Ampell,Ampell0
_JimGentile,172635054,Ampell,Ampell0
_JimGentile,172635054,Ampell,Ampell0
_JimGentile,172635054,Ampell,Ampell0
_JimGentile,172635054,Ampell,Ampell0
_JimGentile,172635054,Ampell,Ampell0
_JimGentile,172635054,Ampell,Ampell0
_JimGentile,172635054,Ampell,Ampell0
_JimGentile,172635054,Ampell,Ampell0
_JimGentile,172635054,Ampell,Ampell0
_JimGentile,172635054,Ampell,Ampell0
_JimGentile,172635054,Ampell,Ampell0
_JimGentile,172635054,Ampell,Ampell0
_JimGentile,172635054,Ampell,Ampell0
_JimGentile,172635054,Ampell,Ampell0
_JimGentile,172635054,Ampell,Ampell0
_JimGentile,172635054,Ampell,Ampell0
_JimGentile,172635054,Ampell,Ampell0
_JimGentile,172635054,Ampell,Ampell0
_JimGentile,172635054,Ampell,Ampell0
_JimGentile,172635054,Ampell,Ampell0
_JimGentile,172635054,Ampell,Ampell0
_JimGentile,172635054,Ampell,Ampell0
_JimGentile,172635054,Ampell,Ampell0
_JimGentile,172635054,Ampell,Ampell0
_JimGentile,172635054,Ampell,Ampell0
_JimGentile,172635054,Ampell,Ampell0
_JimGentile,172635054,Ampell,Ampell0
_JimGentile,172635054,Ampell,Ampell0
_JimGentile,172635054,Ampell,Ampell0
_JimGentile,172635054,Ampell,Ampell0
_JimGentile,172635054,Ampell,Ampell0
_JimGentile,172635054,Andres Taborda,Andres Taborda0
_JimGentile,172635054,Andres Taborda,Andres Taborda0
_JimGentile,172635054,Andres Taborda,Andres Taborda0
_JimGentile,172635054,Andres Taborda,Andres Taborda0
_JimGentile,172635054,Andres Taborda,Andres Taborda0
_JimGentile,172635054,Andres Taborda,Andres Taborda0
_JimGentile,172635054,Andres Taborda,Andres Taborda0
_JimGentile,172635054,Andres Taborda,Andres Taborda0
_JimGentile,172635054,Andres Taborda,Andres Taborda0
_JimGentile,172635054,Andres Taborda,Andres Taborda0
_JimGentile,172635054,Andres Taborda,Andres Taborda0
_JimGentile,172635054,Andres Taborda,Andres Taborda0
_JimGentile,172635054,Andres Taborda,Andres Taborda0
_JimGentile,172635054,Andres Taborda,Andres Taborda0
_JimGentile,172635054,Andres Taborda,Andres Taborda0
_JimGentile,172635054,Andres Taborda,Andres Taborda0
_JimGentile,172635054,Andres Taborda,Andres Taborda0
_JimGentile,172635054,Andres Taborda,Andres Taborda0
_JimGentile,172635054,Andres Taborda,Andres Taborda0
_JimGentile,172635054,Andres Taborda,Andres Taborda0
_JimGentile,172635054,Andres Taborda,Andres Taborda0
_JimGentile,172635054,Andres Taborda,Andres Taborda0
_JimGentile,172635054,Andres Taborda,Andres Taborda0
_JimGentile,172635054,Andres Taborda,Andres Taborda0
_JimGentile,172635054,Andres Taborda,Andres Taborda0
_JimGentile,172635054,Andres Taborda,Andres Taborda0
_JimGentile,172635054,Andres Taborda,Andres Taborda0
_JimGentile,172635054,Andres Taborda,Andres Taborda0
_JimGentile,172635054,Andres Taborda,Andres Taborda0
_JimGentile,172635054,Andres Taborda,Andres Taborda0
_JimGentile,172635054,Andres Taborda,Andres Taborda0
_JimGentile,172635054,Andres Taborda,Andres Taborda0
_JimGentile,172635054,Andres Taborda,Andres Taborda0
_JimGentile,172635054,Andres Taborda,Andres Taborda0
_JimGentile,172635054,Andres Taborda,Andres Taborda0
_JimGentile,172635054,Andres Taborda,Andres Taborda0
_JimGentile,172635054,Andres Taborda,Andres Taborda0
_JimGentile,172635054,Andres Taborda,Andres Taborda0
_JimGentile,172635054,Andres Taborda,Andres Taborda0
_JimGentile,172635054,Andres Taborda,Andres Taborda0
_JimGentile,172635054,Andres Taborda,Andres Taborda0
_JimGentile,172635054,Andres Taborda,Andres Taborda0
_JimGentile,172635054,Andres Taborda,Andres Taborda0
_JimGentile,172635054,Andres Taborda,Andres Taborda0
_JimGentile,172635054,Andres Taborda,Andres Taborda0
_JimGentile,172635054,Andres Taborda,Andres Taborda0
_JimGentile,172635054,Andres Taborda,Andres Taborda0
_JimGentile,172635054,Andres Taborda,Andres Taborda0
_JimGentile,172635054,Andres Taborda,Andres Taborda0
_JimGentile,172635054,Andres Taborda,Andres Taborda0
_JimGentile,172635054,Andres Taborda,Andres Taborda0
_JimGentile,172635054,Andres Taborda,Andres Taborda0
_JimGentile,172635054,Andres Taborda,Andres Taborda0
_JimGentile,172635054,Andres Taborda,Andres Taborda0
_JimGentile,172635054,Andres Taborda,Andres Taborda0
_JimGentile,172635054,Andres Taborda,Andres Taborda0
_JimGentile,172635054,Andres Taborda,Andres Taborda0
_JimGentile,172635054,Andres Taborda,Andres Taborda0
_JimGentile,172635054,Andres Taborda,Andres Taborda0
_JimGentile,172635054,Andres Taborda,Andres Taborda0
_JimGentile,172635054,Andres Taborda,Andres Taborda0
_JimGentile,172635054,Andres Taborda,Andres Taborda0
_JimGentile,172635054,Andres Taborda,Andres Taborda0
_JimGentile,172635054,Andres Taborda,Andres Taborda0
_JimGentile,172635054,Andres Taborda,Andres Taborda0
_JimGentile,172635054,Andres Taborda,Andres Taborda0
_JimGentile,172635054,Andres Taborda,Andres Taborda0
_JimGentile,172635054,Andres Taborda,Andres Taborda0
_JimGentile,172635054,Andres Taborda,Andres Taborda0
_JimGentile,172635054,Andres Taborda,Andres Taborda0
_JimGentile,172635054,Andres Taborda,Andres Taborda0
_JimGentile,172635054,Andres Taborda,Andres Taborda0
_JimGentile,172635054,Andres Taborda,Andres Taborda0
_JimGentile,172635054,Andres Taborda,Andres Taborda0
_JimGentile,172635054,Andres Taborda,Andres Taborda0
_JimGentile,172635054,Andres Taborda,Andres Taborda0
_JimGentile,172635054,Andres Taborda,Andres Taborda0
_JimGentile,172635054,Andres Taborda,Andres Taborda0
_JimGentile,172635054,Andres Taborda,Andres Taborda0
_JimGentile,172635054,Andres Taborda,Andres Taborda0
_JimGentile,172635054,Andres Taborda,Andres Taborda0
_JimGentile,172635054,Andres Taborda,Andres Taborda0
_JimGentile,172635054,Andres Taborda,Andres Taborda0
_JimGentile,172635054,Andres Taborda,Andres Taborda0
_JimGentile,172635054,Andres Taborda,Andres Taborda0
_JimGentile,172635054,Andres Taborda,Andres Taborda0
_JimGentile,172635054,Andres Taborda,Andres Taborda0
_JimGentile,172635054,Andres Taborda,Andres Taborda0
_JimGentile,172635054,Andres Taborda,Andres Taborda0
_JimGentile,172635054,Andres Taborda,Andres Taborda0
_JimGentile,172635054,Andres Taborda,Andres Taborda0
_JimGentile,172635054,Andres Taborda,Andres Taborda0
_JimGentile,172635054,Andres Taborda,Andres Taborda0
_JimGentile,172635054,Andres Taborda,Andres Taborda0
_JimGentile,172635054,Andres Taborda,Andres Taborda0
_JimGentile,172635054,Andres Taborda,Andres Taborda0
_JimGentile,172635054,Angie Sullivan,Angie Sullivan0
_JimGentile,172635054,Angie Sullivan,Angie Sullivan0
_JimGentile,172635054,Angie Sullivan,Angie Sullivan0
_JimGentile,172635054,Angie Sullivan,Angie Sullivan0
_JimGentile,172635054,Angie Sullivan,Angie Sullivan0
_JimGentile,172635054,Angie Sullivan,Angie Sullivan0
_JimGentile,172635054,Angie Sullivan,Angie Sullivan0
_JimGentile,172635054,Angie Sullivan,Angie Sullivan0
_JimGentile,172635054,Angie Sullivan,Angie Sullivan0
_JimGentile,172635054,Angie Sullivan,Angie Sullivan0
_JimGentile,172635054,Angie Sullivan,Angie Sullivan0
_JimGentile,172635054,Angie Sullivan,Angie Sullivan0
_JimGentile,172635054,Angie Sullivan,Angie Sullivan0
_JimGentile,172635054,Angie Sullivan,Angie Sullivan0
_JimGentile,172635054,Angie Sullivan,Angie Sullivan0
_JimGentile,172635054,Angie Sullivan,Angie Sullivan0
_JimGentile,172635054,Angie Sullivan,Angie Sullivan0
_JimGentile,172635054,Angie Sullivan,Angie Sullivan0
_JimGentile,172635054,Angie Sullivan,Angie Sullivan0
_JimGentile,172635054,Angie Sullivan,Angie Sullivan0
_JimGentile,172635054,Angie Sullivan,Angie Sullivan0
_JimGentile,172635054,Angie Sullivan,Angie Sullivan0
_JimGentile,172635054,Angie Sullivan,Angie Sullivan0
_JimGentile,172635054,Angie Sullivan,Angie Sullivan0
_JimGentile,172635054,Angie Sullivan,Angie Sullivan0
_JimGentile,172635054,Angie Sullivan,Angie Sullivan0
_JimGentile,172635054,Angie Sullivan,Angie Sullivan0
_JimGentile,172635054,Angie Sullivan,Angie Sullivan0
_JimGentile,172635054,Angie Sullivan,Angie Sullivan0
_JimGentile,172635054,Angie Sullivan,Angie Sullivan0
_JimGentile,172635054,Angie Sullivan,Angie Sullivan0
_JimGentile,172635054,Angie Sullivan,Angie Sullivan0
_JimGentile,172635054,Angie Sullivan,Angie Sullivan0
_JimGentile,172635054,Angie Sullivan,Angie Sullivan0
_JimGentile,172635054,Angie Sullivan,Angie Sullivan0
_JimGentile,172635054,Angie Sullivan,Angie Sullivan0
_JimGentile,172635054,Angie Sullivan,Angie Sullivan0
_JimGentile,172635054,Angie Sullivan,Angie Sullivan0
_JimGentile,172635054,Angie Sullivan,Angie Sullivan0
_JimGentile,172635054,Angie Sullivan,Angie Sullivan0
_JimGentile,172635054,Angie Sullivan,Angie Sullivan0
_JimGentile,172635054,Angie Sullivan,Angie Sullivan0
_JimGentile,172635054,Angie Sullivan,Angie Sullivan0
_JimGentile,172635054,Angie Sullivan,Angie Sullivan0
_JimGentile,172635054,Angie Sullivan,Angie Sullivan0
_JimGentile,172635054,Angie Sullivan,Angie Sullivan0
_JimGentile,172635054,Angie Sullivan,Angie Sullivan0
_JimGentile,172635054,Angie Sullivan,Angie Sullivan0
_JimGentile,172635054,Angie Sullivan,Angie Sullivan0
_JimGentile,172635054,Angie Sullivan,Angie Sullivan0
_JimGentile,172635054,Angie Sullivan,Angie Sullivan0
_JimGentile,172635054,Angie Sullivan,Angie Sullivan0
_JimGentile,172635054,Angie Sullivan,Angie Sullivan0
_JimGentile,172635054,Angie Sullivan,Angie Sullivan0
_JimGentile,172635054,Angie Sullivan,Angie Sullivan0
_JimGentile,172635054,Angie Sullivan,Angie Sullivan0
_JimGentile,172635054,Angie Sullivan,Angie Sullivan0
_JimGentile,172635054,Angie Sullivan,Angie Sullivan0
_JimGentile,172635054,Angie Sullivan,Angie Sullivan0
_JimGentile,172635054,Angie Sullivan,Angie Sullivan0
_JimGentile,172635054,Angie Sullivan,Angie Sullivan0
_JimGentile,172635054,Angie Sullivan,Angie Sullivan0
_JimGentile,172635054,Angie Sullivan,Angie Sullivan0
_JimGentile,172635054,Angie Sullivan,Angie Sullivan0
_JimGentile,172635054,Angie Sullivan,Angie Sullivan0
_JimGentile,172635054,Angie Sullivan,Angie Sullivan0
_JimGentile,172635054,Angie Sullivan,Angie Sullivan0
_JimGentile,172635054,Angie Sullivan,Angie Sullivan0
_JimGentile,172635054,Angie Sullivan,Angie Sullivan0
_JimGentile,172635054,Angie Sullivan,Angie Sullivan0
_JimGentile,172635054,Angie Sullivan,Angie Sullivan0
_JimGentile,172635054,Angie Sullivan,Angie Sullivan0
_JimGentile,172635054,Angie Sullivan,Angie Sullivan0
_JimGentile,172635054,Angie Sullivan,Angie Sullivan0
_JimGentile,172635054,Angie Sullivan,Angie Sullivan0
_JimGentile,172635054,Angie Sullivan,Angie Sullivan0
_JimGentile,172635054,Angie Sullivan,Angie Sullivan0
_JimGentile,172635054,Angie Sullivan,Angie Sullivan0
_JimGentile,172635054,Angie Sullivan,Angie Sullivan0
_JimGentile,172635054,Angie Sullivan,Angie Sullivan0
_JimGentile,172635054,Angie Sullivan,Angie Sullivan0
_JimGentile,172635054,Angie Sullivan,Angie Sullivan0
_JimGentile,172635054,Angie Sullivan,Angie Sullivan0
_JimGentile,172635054,Angie Sullivan,Angie Sullivan0
_JimGentile,172635054,Angie Sullivan,Angie Sullivan0
_JimGentile,172635054,Angie Sullivan,Angie Sullivan0
_JimGentile,172635054,Angie Sullivan,Angie Sullivan0
_JimGentile,172635054,Angie Sullivan,Angie Sullivan0
_JimGentile,172635054,Angie Sullivan,Angie Sullivan0
_JimGentile,172635054,Angie Sullivan,Angie Sullivan0
_JimGentile,172635054,Angie Sullivan,Angie Sullivan0
_JimGentile,172635054,Angie Sullivan,Angie Sullivan0
_JimGentile,172635054,Angie Sullivan,Angie Sullivan0
_JimGentile,172635054,Angie Sullivan,Angie Sullivan0
_JimGentile,172635054,Angie Sullivan,Angie Sullivan0
_JimGentile,172635054,Angie Sullivan,Angie Sullivan0
_JimGentile,172635054,ashmita,ashmita0
_JimGentile,172635054,ashmita,ashmita0
_JimGentile,172635054,ashmita,ashmita0
_JimGentile,172635054,ashmita,ashmita0
_JimGentile,172635054,ashmita,ashmita0
_JimGentile,172635054,ashmita,ashmita0
_JimGentile,172635054,ashmita,ashmita0
_JimGentile,172635054,ashmita,ashmita0
_JimGentile,172635054,ashmita,ashmita0
_JimGentile,172635054,ashmita,ashmita0
_JimGentile,172635054,ashmita,ashmita0
_JimGentile,172635054,ashmita,ashmita0
_JimGentile,172635054,ashmita,ashmita0
_JimGentile,172635054,ashmita,ashmita0
_JimGentile,172635054,ashmita,ashmita0
_JimGentile,172635054,ashmita,ashmita0
_JimGentile,172635054,ashmita,ashmita0
_JimGentile,172635054,ashmita,ashmita0
_JimGentile,172635054,ashmita,ashmita0
_JimGentile,172635054,ashmita,ashmita0
_JimGentile,172635054,ashmita,ashmita0
_JimGentile,172635054,ashmita,ashmita0
_JimGentile,172635054,ashmita,ashmita0
_JimGentile,172635054,ashmita,ashmita0
_JimGentile,172635054,ashmita,ashmita0
_JimGentile,172635054,ashmita,ashmita0
_JimGentile,172635054,ashmita,ashmita0
_JimGentile,172635054,ashmita,ashmita0
_JimGentile,172635054,ashmita,ashmita0
_JimGentile,172635054,ashmita,ashmita0
_JimGentile,172635054,ashmita,ashmita0
_JimGentile,172635054,ashmita,ashmita0
_JimGentile,172635054,ashmita,ashmita0
_JimGentile,172635054,ashmita,ashmita0
_JimGentile,172635054,ashmita,ashmita0
_JimGentile,172635054,ashmita,ashmita0
_JimGentile,172635054,ashmita,ashmita0
_JimGentile,172635054,ashmita,ashmita0
_JimGentile,172635054,ashmita,ashmita0
_JimGentile,172635054,ashmita,ashmita0
_JimGentile,172635054,ashmita,ashmita0
_JimGentile,172635054,ashmita,ashmita0
_JimGentile,172635054,ashmita,ashmita0
_JimGentile,172635054,ashmita,ashmita0
_JimGentile,172635054,ashmita,ashmita0
_JimGentile,172635054,ashmita,ashmita0
_JimGentile,1726_JimGentile,172635054,#FueraMonsanto,#FueraMonsanto0
_JimGentile,172635054,...,...0
_JimGentile,172635054,?�� ?�� ?��,?�� ?�� ?��0
_JimGentile,172635054,?�?�?�?� ?�?�???�???�?�?�,?�?�?�?� ?�?�???�???�?�?�0
_JimGentile,172635054,?�???�?�,?�???�?�0
_JimGentile,172635054,?�?????� ?????�?� ?�?�?�?�?�1M,?�?????� ?????�?� ?�?�?�?�?�1M0
_JimGentile,172635054,???�?�?�?�?�,???�?�?�?�?�0
_JimGentile,172635054,???�?�?�?�?�?�???� ?�?� ?�?�?�??,???�?�?�?�?�?�???� ?�?� ?�?�?�??0
_JimGentile,172635054,2k16 crisis,2k16 crisis0
_JimGentile,172635054,50K JAY & AMY HIATT,50K JAY & AMY HIATT0
_JimGentile,172635054,al warming,al warming0
_JimGentile,172635054,Ampell,Ampell0
_JimGentile,172635054,Andres Taborda,Andres Taborda0
_JimGentile,172635054,Angie Sullivan,Angie Sullivan0
_JimGentile,172635054,ashmita,ashmita0
_JimGentile,172635054,Author Bren Netters,Author Bren Netters0
_JimGentile,172635054,Banished Krupp,Banished Krupp0
_JimGentile,172635054,belleza_y_maquillaje,belleza_y_maquillaje0
_JimGentile,172635054,bevjoneswriting,bevjoneswriting0
_JimGentile,172635054,Brent Blankenship,Brent Blankenship0
_JimGentile,172635054,Brian Raymond Miller,Brian Raymond Miller0
_JimGentile,172635054,Calmmother,Calmmother0
_JimGentile,172635054,Chicago Mayor,Chicago Mayor0
_JimGentile,172635054,Craigynos Wedding,Craigynos Wedding0
_JimGentile,172635054,Cultjer,Cultjer0
_JimGentile,172635054,Danel Homm??us,Danel Homm??us0
_JimGentile,172635054,Daniel Navarro Rojo,Daniel Navarro Rojo0
_JimGentile,172635054,DannyDiamondback,DannyDiamondback0
_JimGentile,172635054,Dave Roberts,Dave Roberts0
_JimGentile,172635054,David Tise,David Tise0
_JimGentile,172635054,DecalsBySophia . com,DecalsBySophia . com0
_JimGentile,172635054,DJ Davis,DJ Davis0
_JimGentile,172635054,Donald Billings,Donald Billings0
_JimGentile,172635054,Eddie Walt,Eddie Walt0
_JimGentile,172635054,ExileNz,ExileNz0
_JimGentile,172635054,Farmer Ted \m/,Farmer Ted \m/0
_JimGentile,172635054,Fashion,Fashion0
_JimGentile,172635054,ferdi vural,ferdi vural0
_JimGentile,172635054,fisheagle,fisheagle0
_JimGentile,172635054,Glassbeat Music,Glassbeat Music0
_JimGentile,172635054,Gonzalo castro,Gonzalo castro0
_JimGentile,172635054,Gonzalo PasThor P,Gonzalo PasThor P0
_JimGentile,172635054,GoodMorning Midnight,GoodMorning Midnight0
_JimGentile,172635054,Guilherme,Guilherme0
_JimGentile,172635054,Hailee Russell?��,Hailee Russell?��0
_JimGentile,172635054,history,history0
_JimGentile,172635054,HollyShorts (HSFF),HollyShorts (HSFF)0
_JimGentile,172635054,Iva Ursano,Iva Ursano0
_JimGentile,172635054,Jamielee Wilson Prue,Jamielee Wilson Prue0
_JimGentile,172635054,Jane Ellison,Jane Ellison0
_JimGentile,172635054,Jerry Lee,Jerry Lee0
_JimGentile,172635054,Jerry Osborne,Jerry Osborne0
_JimGentile,172635054,Jessie Kerr,Jessie Kerr0
_JimGentile,172635054,Jewell Acevedo,Jewell Acevedo0
_JimGentile,172635054,Jobswithoutborders01,Jobswithoutborders010
_JimGentile,172635054,Jody W,Jody W0
_JimGentile,172635054,joemo23,joemo230
_JimGentile,172635054,John Corish,John Corish0
_JimGentile,172635054,Jonathon Michaels,Jonathon Michaels0
_JimGentile,172635054,JR Geoffrion,JR Geoffrion0
_JimGentile,172635054,K.RAGAVAN..,K.RAGAVAN..0
_JimGentile,172635054,Kevin Bates,Kevin Bates0
_JimGentile,172635054,KimberlyScadden,KimberlyScadden0
_JimGentile,172635054,Laurie Goode,Laurie Goode0
_JimGentile,172635054,Lettie Ziglar,Lettie Ziglar0
_JimGentile,172635054,LeumundMenschenkind,LeumundMenschenkind0
_JimGentile,172635054,Lisa Wood,Lisa Wood0
_JimGentile,172635054,Luxuria-Styling,Luxuria-Styling0
_JimGentile,172635054,Melissa Hope,Melissa Hope0
_JimGentile,172635054,Melissa Mueller,Melissa Mueller0
_JimGentile,172635054,Michael Baillie,Michael Baillie0
_JimGentile,172635054,MNTC RADIO,MNTC RADIO0
_JimGentile,172635054,Nacions Sense Estat,Nacions Sense Estat0
_JimGentile,172635054,Norma Goodwin,Norma Goodwin0
_JimGentile,172635054,O R L V N D O,O R L V N D O0
_JimGentile,172635054,O. Bula Escobar,O. Bula Escobar0
_JimGentile,172635054,pascal perrin,pascal perrin0
_JimGentile,172635054,Patricia Freeman,Patricia Freeman0
_JimGentile,172635054,Prince Felix Yusupov,Prince Felix Yusupov0
_JimGentile,172635054,Priscilla Rosario,Priscilla Rosario0
_JimGentile,172635054,regi,regi0
_JimGentile,172635054,RHONDA FROST FORTUNE,RHONDA FROST FORTUNE0
_JimGentile,172635054,Ron Gans,Ron Gans0
_JimGentile,172635054,Russell Tellefson,Russell Tellefson0
_JimGentile,172635054,S. Gibson IVU,S. Gibson IVU0
_JimGentile,172635054,Sam   (#16),Sam   (#16)0
_JimGentile,172635054,SAMINY DE BARBER.,SAMINY DE BARBER.0
_JimGentile,172635054,See_Yowa_Life,See_Yowa_Life0
_JimGentile,172635054,sewer rat,sewer rat0
_JimGentile,172635054,Sjj,Sjj0
_JimGentile,172635054,Spibo Boracay,Spibo Boracay0
_JimGentile,172635054,Steel Gatez,Steel Gatez0
_JimGentile,172635054,TalleresDelPC,TalleresDelPC0
_JimGentile,172635054,Terri Samuels,Terri Samuels0
_JimGentile,172635054,THE HOLY BIBLE,THE HOLY BIBLE0
_JimGentile,172635054,Toziq#5K,Toziq#5K0
_JimGentile,172635054,VisualJet,VisualJet0
_JimGentile,172635054,William Zeigler,William Zeigler0
_JimGentile,172635054,Zalfie Fans,Zalfie Fans0
_k0ra,625100326,14_fa6o0om0,14_fa6o0om00
_k0ra,625100326,7mo_11_0,7mo_11_00
_k0ra,625100326,8.87E+13,8.87E+130
_k0ra,625100326,Aaa35640,Aaa356400
_k0ra,625100326,abdulh7777370,abdulh77773700
_k0ra,625100326,Abo__udiy0,Abo__udiy00
_k0ra,625100326,abo_bader4100,abo_bader41000
_k0ra,625100326,Abooooo470,Abooooo4700
_k0ra,625100326,abrahhi10,abrahhi100
_k0ra,625100326,al6mi7i10,al6mi7i100
_k0ra,625100326,AldanahStudy0,AldanahStudy00
_k0ra,625100326,algarny460,algarny4600
_k0ra,625100326,alrih16an0,alrih16an00
_k0ra,625100326,altatwer0,altatwer00
_k0ra,625100326,ArabicBest0,ArabicBest00
_k0ra,625100326,avhrcv0,avhrcv00
_k0ra,625100326,awd7990,awd79900
_k0ra,625100326,Az12af0,Az12af00
_k0ra,625100326,b3000D0,b3000D00
_k0ra,625100326,bndar23330,bndar233300
_k0ra,625100326,brodcast100,brodcast1000
_k0ra,625100326,eeelan8080,eeelan80800
_k0ra,625100326,fo_fo111000,fo_fo1110000
_k0ra,625100326,hail20050,hail200500
_k0ra,625100326,istanbuli80,istanbuli800
_k0ra,625100326,keettoo0,keettoo00
_k0ra,625100326,Khalid527248830,Khalid5272488300
_k0ra,625100326,khalidabusaber10,khalidabusaber100
_k0ra,625100326,kingalshabab10,kingalshabab100
_k0ra,625100326,MeMm123270,MeMm1232700
_k0ra,625100326,mhna55660,mhna556600
_k0ra,625100326,monamodaa0,monamodaa00
_k0ra,625100326,monsbk0,monsbk00
_k0ra,625100326,nasseralbogami10,nasseralbogami100
_k0ra,625100326,rashidokaz0,rashidokaz00
_k0ra,625100326,Reem_247770,Reem_2477700
_k0ra,625100326,rittid10,rittid100
_k0ra,625100326,saeedgmailcom0,saeedgmailcom00
_k0ra,625100326,Shabbab050,Shabbab0500
_k0ra,625100326,TheArabHash0,TheArabHash00
_k0ra,625100326,thegeneralom0,thegeneralom00
_k0ra,625100326,vtttte6550,vtttte65500
_TAYLORSWlFT_,3231996679,Abhay911770,Abhay9117700
_TAYLORSWlFT_,3231996679,agos_tejada0,agos_tejada00
_TAYLORSWlFT_,3231996679,ahmed_sekaa680,ahmed_sekaa6800
_TAYLORSWlFT_,3231996679,alana_amorym0,alana_amorym00
_TAYLORSWlFT_,3231996679,AlbertoRocaltas0,AlbertoRocaltas00
_TAYLORSWlFT_,3231996679,alimahnoor8400,alimahnoor84000
_TAYLORSWlFT_,3231996679,alizee19450,alizee194500
_TAYLORSWlFT_,3231996679,alongela0320,alongela03200
_TAYLORSWlFT_,3231996679,ammiejustin0,ammiejustin00
_TAYLORSWlFT_,3231996679,andie_martin80,andie_martin800
_TAYLORSWlFT_,3231996679,annemeara10,annemeara100
_TAYLORSWlFT_,3231996679,arashi5x10os0,arashi5x10os00
_TAYLORSWlFT_,3231996679,BandW_band0,BandW_band00
_TAYLORSWlFT_,3231996679,bea10_bcl0,bea10_bcl00
_TAYLORSWlFT_,3231996679,beetroot372630,beetroot3726300
_TAYLORSWlFT_,3231996679,bestracephotos0,bestracephotos00
_TAYLORSWlFT_,3231996679,BoileauEloise0,BoileauEloise00
_TAYLORSWlFT_,3231996679,BrigetteAshley50,BrigetteAshley500
_TAYLORSWlFT_,3231996679,CalumHoodbae960,CalumHoodbae9600
_TAYLORSWlFT_,3231996679,camerondallasyy0,camerondallasyy00
_TAYLORSWlFT_,3231996679,ceci_alii0,ceci_alii00
_TAYLORSWlFT_,3231996679,charleslewisni40,charleslewisni400
_TAYLORSWlFT_,3231996679,cheeky_CC0,cheeky_CC00
_TAYLORSWlFT_,3231996679,ChorifanesDPity0,ChorifanesDPity00
_TAYLORSWlFT_,3231996679,COLERofficial0,COLERofficial00
_TAYLORSWlFT_,3231996679,DaggerHemy0,DaggerHemy00
_TAYLORSWlFT_,3231996679,Dashing0Emily0,Dashing0Emily00
_TAYLORSWlFT_,3231996679,DeePoissonArt0,DeePoissonArt00
_TAYLORSWlFT_,3231996679,DJOutrageouz0,DJOutrageouz00
_TAYLORSWlFT_,3231996679,drii_coimbra0,drii_coimbra00
_TAYLORSWlFT_,3231996679,emilycarter03150,emilycarter031500
_TAYLORSWlFT_,3231996679,emilymauser_0,emilymauser_00
_TAYLORSWlFT_,3231996679,emilyyyturnerr0,emilyyyturnerr00
_TAYLORSWlFT_,3231996679,FahmeyFatema0,FahmeyFatema00
_TAYLORSWlFT_,3231996679,finfadilaa0,finfadilaa00
_TAYLORSWlFT_,3231996679,fresita5660,fresita56600
_TAYLORSWlFT_,3231996679,Garett070,Garett0700
_TAYLORSWlFT_,3231996679,georgie2070,georgie20700
_TAYLORSWlFT_,3231996679,GeraldTuel0,GeraldTuel00
_TAYLORSWlFT_,3231996679,grahamjfreer20,grahamjfreer200
_TAYLORSWlFT_,3231996679,gtc_term0,gtc_term00
_TAYLORSWlFT_,3231996679,haleybaby5270,haleybaby52700
_TAYLORSWlFT_,3231996679,harrystylesl20,harrystylesl200
_TAYLORSWlFT_,3231996679,Humam3922390,Humam39223900
_TAYLORSWlFT_,3231996679,Iamlaripp0,Iamlaripp00
_TAYLORSWlFT_,3231996679,icicle_010,icicle_0100
_TAYLORSWlFT_,3231996679,ifanbellathod180,ifanbellathod1800
_TAYLORSWlFT_,3231996679,JandJRTPLS0,JandJRTPLS00
_TAYLORSWlFT_,3231996679,janniechamp0,janniechamp00
_TAYLORSWlFT_,3231996679,jfs990,jfs9900
_TAYLORSWlFT_,3231996679,jojovalente190,jojovalente1900
_TAYLORSWlFT_,3231996679,jonathan13j0,jonathan13j00
_TAYLORSWlFT_,3231996679,JosephStreeter50,JosephStreeter500
_TAYLORSWlFT_,3231996679,justdat_panda0,justdat_panda00
_TAYLORSWlFT_,3231996679,Kathlee367443320,Kathlee3674433200
_TAYLORSWlFT_,3231996679,leolkk80,leolkk800
_TAYLORSWlFT_,3231996679,leticiamola0,leticiamola00
_TAYLORSWlFT_,3231996679,lizbeth_0711010,lizbeth_07110100
_TAYLORSWlFT_,3231996679,logicsystemsllc0,logicsystemsllc00
_TAYLORSWlFT_,3231996679,lucelly_pat0,lucelly_pat00
_TAYLORSWlFT_,3231996679,macbeelr0,macbeelr00
_TAYLORSWlFT_,3231996679,Mae_112_0,Mae_112_00
_TAYLORSWlFT_,3231996679,marnia_tarya0,marnia_tarya00
_TAYLORSWlFT_,3231996679,Meu_Cu_Canadian0,Meu_Cu_Canadian00
_TAYLORSWlFT_,3231996679,MeyerNicaela0,MeyerNicaela00
_TAYLORSWlFT_,3231996679,mkiosdeveloper0,mkiosdeveloper00
_TAYLORSWlFT_,3231996679,MonicaRosie230,MonicaRosie2300
_TAYLORSWlFT_,3231996679,mr_DragonsRox0,mr_DragonsRox00
_TAYLORSWlFT_,3231996679,muky_official0,muky_official00
_TAYLORSWlFT_,3231996679,murff_mya0,murff_mya00
_TAYLORSWlFT_,3231996679,MyJohnBermundo0,MyJohnBermundo00
_TAYLORSWlFT_,3231996679,mylovliving0,mylovliving00
_TAYLORSWlFT_,3231996679,NashyDallas20,NashyDallas200
_TAYLORSWlFT_,3231996679,NightmaresOfEve0,NightmaresOfEve00
_TAYLORSWlFT_,3231996679,OktaviantoBerry0,OktaviantoBerry00
_TAYLORSWlFT_,3231996679,P3Q_Q0,P3Q_Q00
_TAYLORSWlFT_,3231996679,Pkayefuencess0,Pkayefuencess00
_TAYLORSWlFT_,3231996679,PoranRamen0,PoranRamen00
_TAYLORSWlFT_,3231996679,praewanit470,praewanit4700
_TAYLORSWlFT_,3231996679,rafaelgomez380,rafaelgomez3800
_TAYLORSWlFT_,3231996679,RetrosAshton0,RetrosAshton00
_TAYLORSWlFT_,3231996679,RichyMoseley3G0,RichyMoseley3G00
_TAYLORSWlFT_,3231996679,RowleyNikki0,RowleyNikki00
_TAYLORSWlFT_,3231996679,Rox_04060,Rox_040600
_TAYLORSWlFT_,3231996679,samispencer30,samispencer300
_TAYLORSWlFT_,3231996679,Sciortino30,Sciortino300
_TAYLORSWlFT_,3231996679,selenapiagomez0,selenapiagomez00
_TAYLORSWlFT_,3231996679,ShaneMalik90,ShaneMalik900
_TAYLORSWlFT_,3231996679,StichYumi0,StichYumi00
_TAYLORSWlFT_,3231996679,taken4lyfe0,taken4lyfe00
_TAYLORSWlFT_,3231996679,taniaraquelcas10,taniaraquelcas100
_TAYLORSWlFT_,3231996679,TaylorSwift_AJ0,TaylorSwift_AJ00
_TAYLORSWlFT_,3231996679,thejokar120,thejokar1200
_TAYLORSWlFT_,3231996679,trackp21220,trackp212200
_TAYLORSWlFT_,3231996679,twinkscrush0,twinkscr